-1.0,-1.0,-1.0,-1.0,0.0,-1.0,-1.0,-1.0,0.0,-1.0,0.0,0.0,-1.0,-1.0,-1.0,-1.0,0.0,0.0,-1.0,-1.0,0.0,-1.0,-1.0,-1.0,-1.0,-1.0,-1.0,-1.0,0.0,0.0,0.0,0.0,0.0,0.0,-1.0,0.0,0.0,-1.0,-1.0,-1.0,-1.0,-1.0,0.0,-1.0,-1.0,0.03125,-1.0,0.0,-1.0,0.0,-1.0,0.0,-1.0,-1.0,-1.0,-1.0,-1.0,-1.0,-1.0,0.0,-1.0,0.0,0.0096153846153845,-1.0,-1.0,-1.0,0.0,-1.0,-1.0,-1.0,-1.0,-1.0,-1.0,-1.0,-1.0,-1.0,-1.0,0.0,0.0,-1.0,-1.0,-1.0,-1.0,-1.0,0.0,-1.0,-1.0,-1.0,-1.0,0.0,0.0344827586206896,-1.0,-1.0,-1.0,0.0,-1.0,1.0,-1.0,-1.0,-1.0
0.0,-1.0,0.0,-1.0,-1.0,1.0,-1.0,0.0,-1.0,-1.0,-1.0,-1.0,0.0,-1.0,-1.0,0.0,-1.0,-1.0,-1.0,-1.0,-1.0,-1.0,-1.0,-1.0,1.0,-1.0,-1.0,-1.0,0.0,-1.0,0.0,-1.0,-1.0,-1.0,-1.0,-1.0,-1.0,-1.0,0.0,-1.0,-1.0,-1.0,-1.0,-1.0,-1.0,0.01,-1.0,-1.0,-1.0,-1.0,0.0,0.0,-1.0,0.5222222222222221,0.0,0.0,0.0,-1.0,-1.0,0.0,-1.0,-1.0,0.0490196078431373,-1.0,0.0,-1.0,-1.0,-1.0,0.0,-1.0,-1.0,-1.0,-1.0,-1.0,-1.0,-1.0,0.0,-1.0,0.0,0.0,-1.0,-1.0,-1.0,0.0272727272727272,-1.0,0.0,-1.0,-1.0,0.0,-1.0,-1.0,0.0,0.0,-1.0,-1.0,0.0,-1.0,-1.0,0.0,0.0
-1.0,0.0,0.0,-1.0,0.0,-1.0,-1.0,-1.0,-1.0,-1.0,0.0,0.0192307692307692,-1.0,-1.0,0.0,0.0,-1.0,0.0,-1.0,0.0384615384615384,-1.0,-1.0,0.0,0.0,-1.0,1.0,1.0,-1.0,-1.0,0.0,-1.0,0.0,-1.0,0.0,0.0,0.0,0.0,0.0,-1.0,-1.0,1.0,-1.0,-1.0,0.0,0.0,-1.0,-1.0,-1.0,-1.0,0.0,0.0,-1.0,-1.0,0.4354838709677419,-1.0,0.0,0.0,-1.0,-1.0,0.0,-1.0,-1.0,0.0363636363636363,-1.0,-1.0,0.0,-1.0,0.0,-1.0,-1.0,0.0,0.0,-1.0,0.0,-1.0,-1.0,-1.0,-1.0,0.0,0.0,-1.0,-1.0,-1.0,0.0196078431372549,0.0,0.0,0.0,0.0,-1.0,-1.0,-1.0,0.0147058823529411,0.0,-1.0,0.0,0.0,-1.0,-1.0,-1.0,0.0
0.0,-1.0,-1.0,-1.0,-1.0,1.0,-1.0,-1.0,0.0,1.0,0.0,-1.0,-1.0,-1.0,-1.0,0.0,0.0,-1.0,-1.0,-1.0,0.0,-1.0,0.0,0.0,-1.0,1.0,-1.0,-1.0,-1.0,0.0,-1.0,0.0,0.0,0.0,0.0,-1.0,0.0,-1.0,-1.0,0.010752688172043,-1.0,-1.0,0.0,0.0,0.0,-1.0,-1.0,0.0,0.0,-1.0,-1.0,0.0,1.0,0.4554455445544554,-1.0,-1.0,0.0,-1.0,-1.0,0.0,0.0,-1.0,-1.0,-1.0,-1.0,0.0,0.0,-1.0,-1.0,1.0,-1.0,-1.0,0.043010752688172,-1.0,-1.0,-1.0,0.0,0.0,-1.0,-1.0,-1.0,0.0,0.0104166666666666,-1.0,0.0,0.0,0.0,0.0,0.0,0.0,0.0588235294117647,-1.0,0.0,-1.0,-1.0,-1.0,-1.0,0.0,-1.0,0.0
0.0,-1.0,0.0,-1.0,0.0,1.0,-1.0,0.0,0.0,-1.0,0.0,-1.0,-1.0,-1.0,-1.0,-1.0,-1.0,0.0,-1.0,0.0185185185185184,-1.0,0.0,-1.0,0.0,-1.0,-1.0,1.0,-1.0,-1.0,-1.0,-1.0,-1.0,-1.0,0.0,0.0,-1.0,-1.0,0.0,-1.0,0.0,-1.0,-1.0,-1.0,0.0,-1.0,0.0,-1.0,-1.0,-1.0,-1.0,-1.0,0.0104166666666666,1.0,-1.0,0.0,0.0,-1.0,0.0,-1.0,-1.0,0.0,0.0,0.0412371134020618,0.0,-1.0,-1.0,-1.0,-1.0,-1.0,1.0,-1.0,0.0,0.0412371134020618,-1.0,-1.0,0.0091743119266054,-1.0,-1.0,-1.0,0.0,-1.0,-1.0,0.0,-1.0,-1.0,0.0,0.0,-1.0,0.0,0.0,0.0714285714285714,-1.0,0.0,-1.0,-1.0,-1.0,-1.0,0.0,-1.0,-1.0
-1.0,-1.0,-1.0,0.0,0.0,1.0,-1.0,-1.0,0.0,-1.0,0.0,-1.0,-1.0,-1.0,-1.0,-1.0,0.0,-1.0,-1.0,-1.0,0.0,0.0,0.0,-1.0,-1.0,-1.0,-1.0,-1.0,0.0105263157894737,0.0,-1.0,-1.0,-1.0,0.0,-1.0,-1.0,0.0,-1.0,0.0,-1.0,-1.0,-1.0,-1.0,-1.0,-1.0,0.0,-1.0,-1.0,0.0185185185185184,0.0,0.0,0.0,-1.0,-1.0,-1.0,0.0,-1.0,0.0,0.9032258064516128,0.0,-1.0,-1.0,0.0752688172043011,-1.0,-1.0,-1.0,0.0,0.0,-1.0,1.0,0.0,-1.0,0.0729166666666666,-1.0,0.0,0.0,-1.0,0.0,0.0,-1.0,-1.0,0.0,-1.0,-1.0,0.0,0.0,0.0,-1.0,-1.0,-1.0,0.0606060606060605,0.0,-1.0,0.0,-1.0,-1.0,-1.0,-1.0,-1.0,0.0198019801980198
-1.0,-1.0,-1.0,-1.0,0.0,-1.0,-1.0,0.0,0.0,-1.0,-1.0,-1.0,-1.0,-1.0,-1.0,0.0,-1.0,0.0,-1.0,0.0508474576271186,-1.0,-1.0,-1.0,-1.0,1.0,1.0,-1.0,-1.0,-1.0,0.0,0.0,-1.0,0.0,-1.0,0.0,0.0104166666666666,-1.0,-1.0,0.0104166666666666,-1.0,-1.0,-1.0,0.0,0.0,-1.0,-1.0,0.0,-1.0,-1.0,-1.0,-1.0,-1.0,-1.0,0.46875,0.0,-1.0,-1.0,0.0,-1.0,-1.0,-1.0,-1.0,-1.0,0.0,-1.0,-1.0,0.0,0.0,-1.0,-1.0,0.0,-1.0,-1.0,-1.0,-1.0,0.0097087378640776,0.0,-1.0,0.0,0.0,0.0,0.0,-1.0,0.0181818181818181,0.0,0.0,0.0,-1.0,0.0,-1.0,0.0919540229885057,-1.0,0.0,0.0,0.0,0.0,-1.0,0.0108695652173913,-1.0,-1.0
-1.0,-1.0,0.0,-1.0,-1.0,-1.0,-1.0,-1.0,0.0,1.0,-1.0,-1.0,-1.0,-1.0,-1.0,0.0,0.0,-1.0,-1.0,0.0333333333333333,-1.0,-1.0,-1.0,-1.0,-1.0,1.0,1.0,-1.0,-1.0,-1.0,-1.0,0.0,0.0,0.0,0.0,0.0,-1.0,0.0,0.0099009900990099,-1.0,1.0,-1.0,0.0,0.0,-1.0,0.0,0.0,-1.0,-1.0,0.0,-1.0,0.0112359550561798,-1.0,-1.0,-1.0,-1.0,-1.0,-1.0,-1.0,-1.0,0.0,0.0,0.0576923076923077,0.0,0.0,-1.0,0.0,0.0,0.0,-1.0,-1.0,-1.0,0.0769230769230768,0.0,0.0,-1.0,-1.0,-1.0,-1.0,-1.0,-1.0,0.0,-1.0,-1.0,-1.0,-1.0,-1.0,-1.0,0.0,-1.0,-1.0,0.0,-1.0,-1.0,-1.0,-1.0,1.0,-1.0,-1.0,-1.0
-1.0,-1.0,-1.0,-1.0,-1.0,-1.0,-1.0,0.0,0.0,-1.0,0.0,0.017391304347826,0.0,-1.0,0.0,0.0,-1.0,0.0,-1.0,0.0434782608695651,0.0,-1.0,0.0,-1.0,-1.0,1.0,-1.0,1.0,-1.0,-1.0,-1.0,0.0,-1.0,-1.0,0.0,-1.0,-1.0,0.0,0.0,-1.0,-1.0,0.0,-1.0,0.0,-1.0,-1.0,0.0,-1.0,0.010204081632653,-1.0,0.0,-1.0,-1.0,0.4693877551020408,-1.0,0.0,-1.0,-1.0,-1.0,0.0,-1.0,-1.0,0.0899999999999999,-1.0,-1.0,-1.0,0.0,-1.0,-1.0,-1.0,-1.0,-1.0,0.0666666666666666,0.0,0.0,-1.0,-1.0,-1.0,-1.0,0.0,0.0,0.0,-1.0,0.0165289256198346,0.0,-1.0,-1.0,-1.0,-1.0,-1.0,-1.0,-1.0,-1.0,-1.0,-1.0,0.0,1.0,-1.0,0.0,0.0
-1.0,0.0,0.0,-1.0,-1.0,1.0,-1.0,0.0,-1.0,-1.0,-1.0,-1.0,0.0,-1.0,0.0,-1.0,-1.0,-1.0,-1.0,-1.0,0.0,0.0,-1.0,-1.0,-1.0,-1.0,1.0,-1.0,-1.0,-1.0,0.0,0.0,-1.0,-1.0,-1.0,-1.0,-1.0,-1.0,0.0,0.02,-1.0,-1.0,-1.0,0.0,0.0,0.0,-1.0,0.0,-1.0,-1.0,0.0,-1.0,-1.0,0.4848484848484848,-1.0,0.0,-1.0,-1.0,-1.0,0.0,-1.0,-1.0,-1.0,-1.0,-1.0,-1.0,-1.0,0.0,-1.0,-1.0,-1.0,-1.0,0.101010101010101,0.0,-1.0,0.0,0.0,-1.0,0.0,-1.0,0.0,0.0,-1.0,0.055045871559633,0.0,-1.0,-1.0,0.0,0.0,-1.0,-1.0,0.0,0.0,-1.0,0.0,-1.0,-1.0,-1.0,0.0,-1.0
-1.0,0.0,0.0,-1.0,-1.0,1.0,1.0,0.0,0.0,-1.0,-1.0,0.0,-1.0,0.0,-1.0,0.0,-1.0,0.0,0.0,-1.0,-1.0,0.0,0.0,0.0,-1.0,-1.0,1.0,1.0,0.0086956521739129,-1.0,0.0,-1.0,-1.0,-1.0,0.0,0.0,0.0,-1.0,-1.0,-1.0,-1.0,0.0,-1.0,-1.0,0.0,0.0,-1.0,-1.0,-1.0,0.0208333333333333,0.0,-1.0,-1.0,-1.0,-1.0,-1.0,0.0,-1.0,-1.0,-1.0,0.0,0.0,0.0560747663551401,-1.0,-1.0,0.0,0.0,0.0,0.0,1.0,-1.0,0.0,-1.0,-1.0,0.0,0.0,-1.0,-1.0,-1.0,-1.0,0.0,-1.0,-1.0,0.0212765957446808,-1.0,-1.0,0.0,0.0099009900990099,-1.0,-1.0,-1.0,0.0,-1.0,-1.0,-1.0,-1.0,-1.0,-1.0,-1.0,0.0097087378640776
0.0,0.0,0.0,-1.0,-1.0,1.0,-1.0,-1.0,0.0,1.0,-1.0,-1.0,0.0,-1.0,-1.0,-1.0,0.0,-1.0,-1.0,-1.0,-1.0,-1.0,-1.0,0.0,-1.0,-1.0,-1.0,1.0,0.0,-1.0,-1.0,0.0,0.0,0.0,0.0,-1.0,0.0,0.0,0.0,-1.0,-1.0,-1.0,0.0,-1.0,-1.0,0.0,-1.0,-1.0,-1.0,0.0,0.0,-1.0,1.0,0.4957983193277311,0.0,0.0,-1.0,-1.0,0.9292929292929292,0.0,-1.0,-1.0,-1.0,-1.0,-1.0,0.0,-1.0,-1.0,0.0,1.0,0.0,0.0,0.0485436893203883,-1.0,0.0,-1.0,-1.0,-1.0,0.0,0.0,0.0,-1.0,-1.0,-1.0,0.0,-1.0,-1.0,-1.0,0.0,-1.0,-1.0,0.0,0.0,-1.0,-1.0,-1.0,-1.0,-1.0,-1.0,-1.0
0.0,-1.0,-1.0,0.0,0.0,-1.0,-1.0,-1.0,0.0,-1.0,0.0,0.0,0.0,0.0,0.0,-1.0,0.0,-1.0,-1.0,0.0277777777777777,-1.0,-1.0,-1.0,-1.0,-1.0,1.0,-1.0,1.0,0.0,0.0,0.0,-1.0,-1.0,-1.0,-1.0,-1.0,0.0,-1.0,0.0,-1.0,1.0,0.0,-1.0,-1.0,-1.0,0.038095238095238,-1.0,0.0,0.0103092783505154,-1.0,-1.0,-1.0,1.0,0.4639175257731959,-1.0,-1.0,0.0,-1.0,-1.0,-1.0,-1.0,-1.0,0.0681818181818182,0.0,-1.0,0.0,-1.0,0.0,-1.0,-1.0,-1.0,0.0,0.0543478260869565,0.0,-1.0,0.0,0.0,-1.0,-1.0,-1.0,-1.0,0.0,-1.0,-1.0,0.0,0.0,-1.0,0.0,-1.0,0.01010101010101,-1.0,0.0,-1.0,-1.0,0.0,-1.0,-1.0,-1.0,0.0,-1.0
0.0,-1.0,-1.0,0.0,0.0,1.0,-1.0,-1.0,-1.0,1.0,0.0,0.0,-1.0,-1.0,-1.0,0.0,-1.0,0.0,0.0,0.0421052631578947,-1.0,-1.0,0.0,-1.0,1.0,1.0,-1.0,-1.0,-1.0,-1.0,-1.0,-1.0,-1.0,0.0,-1.0,0.0,-1.0,-1.0,0.0,-1.0,1.0,-1.0,-1.0,-1.0,-1.0,0.0277777777777777,0.0,-1.0,-1.0,-1.0,-1.0,0.0,-1.0,0.4857142857142857,-1.0,-1.0,-1.0,-1.0,-1.0,-1.0,-1.0,-1.0,0.0449438202247191,-1.0,-1.0,-1.0,0.0,0.0,-1.0,-1.0,0.0,-1.0,-1.0,-1.0,0.0,-1.0,-1.0,-1.0,-1.0,0.0,-1.0,0.0,0.0,0.0462962962962962,0.0,-1.0,-1.0,-1.0,-1.0,-1.0,0.0673076923076922,-1.0,0.0,0.0,0.0,-1.0,-1.0,0.0,-1.0,0.0
0.0,-1.0,0.0,0.0,0.0,-1.0,1.0,-1.0,-1.0,-1.0,-1.0,0.0,-1.0,-1.0,-1.0,-1.0,0.0,-1.0,-1.0,-1.0,0.0,-1.0,0.0,-1.0,-1.0,1.0,1.0,-1.0,-1.0,0.0,-1.0,0.0,-1.0,0.0,-1.0,-1.0,-1.0,-1.0,0.0,-1.0,1.0,0.0,-1.0,-1.0,-1.0,0.0,-1.0,-1.0,0.0,-1.0,0.0,-1.0,-1.0,-1.0,-1.0,0.0,-1.0,-1.0,0.8738738738738738,-1.0,-1.0,-1.0,0.054054054054054,-1.0,-1.0,0.0,-1.0,-1.0,0.0,1.0,-1.0,-1.0,0.0816326530612244,0.0,-1.0,-1.0,0.0,0.0,-1.0,0.0,-1.0,0.0,-1.0,-1.0,0.0,0.0,-1.0,-1.0,0.0,0.0,0.1111111111111111,-1.0,-1.0,0.0,-1.0,0.0,1.0,-1.0,-1.0,0.0
-1.0,0.0,-1.0,0.0096153846153845,0.0192307692307692,-1.0,1.0,-1.0,-1.0,1.0,-1.0,-1.0,0.0,0.0170940170940171,0.0,0.0170940170940171,-1.0,-1.0,-1.0,0.0427350427350426,-1.0,-1.0,-1.0,0.0,1.0,1.0,1.0,-1.0,0.0,-1.0,-1.0,-1.0,0.0,-1.0,0.0,-1.0,-1.0,-1.0,-1.0,-1.0,-1.0,0.0,0.0,0.0,-1.0,0.0202020202020202,-1.0,0.0217391304347825,-1.0,-1.0,0.0,-1.0,-1.0,0.4891304347826086,-1.0,0.0,0.0,-1.0,0.95,0.0,-1.0,-1.0,-1.0,-1.0,-1.0,0.0,0.0,0.0,-1.0,1.0,-1.0,-1.0,-1.0,-1.0,-1.0,-1.0,-1.0,0.0,-1.0,-1.0,-1.0,-1.0,0.0,0.0088495575221239,-1.0,-1.0,-1.0,-1.0,-1.0,-1.0,0.019047619047619,-1.0,-1.0,0.0,0.0,-1.0,1.0,-1.0,0.0,0.0095238095238094
-1.0,0.0,0.0,-1.0,-1.0,-1.0,-1.0,-1.0,0.0,1.0,-1.0,-1.0,-1.0,0.0,-1.0,-1.0,-1.0,0.0,0.0198019801980198,-1.0,0.0,-1.0,-1.0,0.0,-1.0,-1.0,-1.0,-1.0,-1.0,0.0,-1.0,-1.0,-1.0,-1.0,-1.0,-1.0,0.0,-1.0,-1.0,-1.0,1.0,0.0,0.0,-1.0,0.0,-1.0,-1.0,0.0,0.02,0.0267857142857143,-1.0,0.0178571428571429,1.0,0.4599999999999999,-1.0,0.0,0.0,0.0,0.8541666666666666,0.0,-1.0,-1.0,0.0625,-1.0,-1.0,0.0,-1.0,-1.0,0.01010101010101,1.0,-1.0,0.0,0.036036036036036,0.0,-1.0,0.0,-1.0,0.0,-1.0,-1.0,-1.0,0.0,-1.0,-1.0,-1.0,0.0,0.0,-1.0,0.0,-1.0,0.0851063829787234,0.0,-1.0,-1.0,0.0,-1.0,1.0,-1.0,-1.0,0.0085470085470085
0.0,0.0,0.0,-1.0,0.0,-1.0,1.0,0.0,-1.0,-1.0,-1.0,0.0,-1.0,0.0,-1.0,0.010204081632653,0.0,-1.0,0.0,0.0408163265306122,-1.0,0.0,-1.0,-1.0,1.0,-1.0,-1.0,-1.0,-1.0,0.0,-1.0,-1.0,0.0,0.0,-1.0,0.0,-1.0,0.0,-1.0,-1.0,1.0,0.0,0.0,0.0,-1.0,-1.0,-1.0,-1.0,-1.0,0.0,0.0,0.0105263157894737,-1.0,-1.0,0.0,-1.0,0.0,0.0,-1.0,-1.0,-1.0,-1.0,-1.0,0.0098039215686274,-1.0,0.0,-1.0,-1.0,0.0,1.0,0.0,-1.0,0.1078431372549019,0.0,0.0,0.01010101010101,-1.0,0.0,0.0,0.0,-1.0,-1.0,-1.0,-1.0,-1.0,0.0,-1.0,0.0,-1.0,0.0,-1.0,-1.0,0.0,-1.0,-1.0,0.0,-1.0,0.0,-1.0,-1.0
-1.0,-1.0,-1.0,0.0,-1.0,-1.0,-1.0,-1.0,-1.0,1.0,0.0,0.0,-1.0,0.0,0.0,-1.0,-1.0,0.0,-1.0,-1.0,-1.0,0.0,-1.0,0.0,-1.0,1.0,1.0,-1.0,0.0,0.0,-1.0,-1.0,0.0,0.0,0.0,0.0,0.0,0.0,0.0,0.0088495575221239,-1.0,0.0,0.0,-1.0,-1.0,0.0,0.0,0.0,0.0198019801980198,-1.0,-1.0,-1.0,-1.0,0.5544554455445545,-1.0,0.0,-1.0,0.0,-1.0,-1.0,-1.0,0.0,-1.0,-1.0,-1.0,-1.0,-1.0,0.0,0.0,-1.0,-1.0,-1.0,-1.0,-1.0,-1.0,-1.0,0.0,0.0,0.0,-1.0,0.0,-1.0,-1.0,-1.0,0.0,0.0,-1.0,-1.0,-1.0,0.0,-1.0,0.0,0.0,-1.0,-1.0,-1.0,1.0,-1.0,0.0,-1.0
-1.0,-1.0,-1.0,0.0,-1.0,-1.0,1.0,0.0,0.0,-1.0,-1.0,-1.0,-1.0,-1.0,-1.0,-1.0,-1.0,0.0,-1.0,-1.0,0.0,-1.0,-1.0,0.0,1.0,1.0,-1.0,1.0,0.0,-1.0,-1.0,0.0,-1.0,0.0,-1.0,-1.0,-1.0,0.0,-1.0,0.0091743119266054,-1.0,-1.0,-1.0,-1.0,-1.0,-1.0,-1.0,-1.0,0.0104166666666666,-1.0,-1.0,-1.0,1.0,-1.0,-1.0,-1.0,-1.0,-1.0,0.8803418803418803,0.0,0.0,0.0,-1.0,0.0,-1.0,0.0,-1.0,0.0,0.0,-1.0,0.0,0.0,-1.0,-1.0,0.0,-1.0,-1.0,-1.0,0.0,0.0,-1.0,-1.0,0.0,-1.0,0.0,-1.0,0.0,0.0,0.0,0.0,-1.0,-1.0,-1.0,-1.0,-1.0,0.0,-1.0,-1.0,-1.0,0.0
-1.0,-1.0,0.0,-1.0,0.0,-1.0,1.0,0.0,-1.0,-1.0,-1.0,-1.0,-1.0,0.0,0.0,0.0,-1.0,-1.0,-1.0,-1.0,-1.0,-1.0,-1.0,0.0,-1.0,-1.0,-1.0,-1.0,0.0113636363636363,0.0,-1.0,-1.0,0.0,-1.0,-1.0,-1.0,-1.0,0.0,-1.0,0.0,1.0,-1.0,-1.0,-1.0,0.0,-1.0,0.0,0.0,-1.0,-1.0,0.0,0.0,-1.0,-1.0,-1.0,-1.0,-1.0,0.019047619047619,0.8952380952380953,-1.0,-1.0,0.0,-1.0,-1.0,0.0,-1.0,-1.0,-1.0,-1.0,1.0,-1.0,-1.0,-1.0,0.0,-1.0,-1.0,0.0,-1.0,-1.0,0.0,0.0,0.0,-1.0,-1.0,0.0,-1.0,0.0,-1.0,0.0,-1.0,0.09375,-1.0,-1.0,0.0,-1.0,-1.0,-1.0,0.0,-1.0,0.0
-1.0,-1.0,-1.0,0.0,-1.0,-1.0,1.0,-1.0,0.0,-1.0,0.0,-1.0,-1.0,-1.0,-1.0,0.0095238095238094,0.0,-1.0,-1.0,0.038095238095238,-1.0,0.0,-1.0,-1.0,-1.0,1.0,1.0,-1.0,0.0,-1.0,-1.0,0.0,-1.0,0.0,0.0,-1.0,-1.0,-1.0,0.0198019801980198,-1.0,-1.0,-1.0,0.0,-1.0,0.0,-1.0,-1.0,-1.0,-1.0,-1.0,0.0,-1.0,1.0,-1.0,-1.0,-1.0,-1.0,-1.0,0.8773584905660378,-1.0,0.0,0.0,-1.0,-1.0,0.0,0.0,-1.0,0.0,-1.0,-1.0,-1.0,-1.0,0.0699999999999999,-1.0,-1.0,0.0094339622641509,-1.0,-1.0,-1.0,0.0,-1.0,-1.0,-1.0,-1.0,0.0,-1.0,-1.0,0.0,-1.0,0.0,-1.0,0.0,0.0,-1.0,0.0,-1.0,-1.0,-1.0,-1.0,-1.0
0.0,0.0,-1.0,-1.0,0.0,-1.0,-1.0,-1.0,-1.0,1.0,-1.0,-1.0,0.0,0.0,0.0,0.0,0.0,-1.0,0.0,-1.0,-1.0,0.0,-1.0,0.0,1.0,-1.0,-1.0,1.0,-1.0,0.0,-1.0,-1.0,-1.0,-1.0,-1.0,-1.0,-1.0,-1.0,-1.0,0.0425531914893616,1.0,0.0,-1.0,0.0,0.0,-1.0,-1.0,-1.0,-1.0,0.0,0.0,0.0,1.0,-1.0,-1.0,-1.0,-1.0,0.0,-1.0,-1.0,-1.0,0.0,-1.0,0.0,-1.0,-1.0,-1.0,-1.0,0.0,-1.0,-1.0,-1.0,0.0752688172043011,-1.0,-1.0,-1.0,-1.0,0.0,-1.0,0.0,-1.0,-1.0,-1.0,-1.0,-1.0,0.0,0.0,0.0096153846153845,-1.0,-1.0,0.0439560439560439,0.0,-1.0,-1.0,0.0,0.0,-1.0,0.0,-1.0,0.0
-1.0,0.0,0.0,0.0,0.0,-1.0,1.0,0.0,0.0093457943925233,1.0,-1.0,-1.0,-1.0,-1.0,0.0,-1.0,0.0,0.0,0.0,-1.0,-1.0,0.0,-1.0,0.0,1.0,-1.0,-1.0,1.0,0.0,-1.0,0.0,-1.0,-1.0,-1.0,-1.0,-1.0,-1.0,-1.0,-1.0,0.0087719298245614,1.0,-1.0,0.0,0.0,-1.0,-1.0,-1.0,-1.0,0.0,-1.0,0.0,-1.0,-1.0,0.4862385321100917,0.0,-1.0,-1.0,-1.0,-1.0,-1.0,-1.0,-1.0,-1.0,-1.0,-1.0,0.0,-1.0,-1.0,-1.0,1.0,-1.0,-1.0,0.0762711864406779,-1.0,-1.0,-1.0,0.0,-1.0,0.0,-1.0,-1.0,-1.0,0.0,-1.0,-1.0,-1.0,-1.0,-1.0,0.0,-1.0,0.0934579439252336,-1.0,-1.0,-1.0,-1.0,-1.0,-1.0,0.0,-1.0,0.0
0.0,-1.0,-1.0,0.0,-1.0,1.0,-1.0,-1.0,0.0,1.0,0.0,0.0,0.0,0.0,-1.0,-1.0,0.0,-1.0,-1.0,-1.0,0.0,0.0,-1.0,-1.0,-1.0,-1.0,1.0,-1.0,-1.0,-1.0,0.0,-1.0,-1.0,-1.0,0.0,-1.0,-1.0,0.0,0.0,-1.0,-1.0,0.0,0.0,-1.0,0.0,-1.0,-1.0,-1.0,-1.0,0.0,-1.0,-1.0,-1.0,0.4811320754716981,-1.0,-1.0,-1.0,0.0,-1.0,-1.0,-1.0,0.0,-1.0,-1.0,0.0,0.0,-1.0,-1.0,0.0,1.0,0.0,-1.0,0.045045045045045,0.0,0.0,0.0,-1.0,0.0,0.0,-1.0,-1.0,0.0,0.0,-1.0,-1.0,-1.0,-1.0,0.0,-1.0,-1.0,-1.0,-1.0,0.0,0.0,0.0,0.0092592592592593,1.0,-1.0,-1.0,0.0
-1.0,-1.0,-1.0,0.0,-1.0,-1.0,-1.0,-1.0,-1.0,-1.0,-1.0,-1.0,-1.0,-1.0,-1.0,0.0,0.0092592592592593,0.0,0.0,-1.0,0.0,0.0,0.0,-1.0,-1.0,1.0,-1.0,-1.0,0.009009009009009,-1.0,-1.0,-1.0,-1.0,0.0,0.0,0.0,0.0,0.0,-1.0,0.03125,-1.0,-1.0,0.0,-1.0,-1.0,0.03125,0.0,0.0,-1.0,-1.0,-1.0,-1.0,-1.0,-1.0,-1.0,0.0,-1.0,0.0,-1.0,0.0,-1.0,-1.0,-1.0,0.0,-1.0,0.0,-1.0,0.0,-1.0,-1.0,0.0,0.0,-1.0,0.0,0.0,-1.0,0.0,0.0,0.0,-1.0,-1.0,0.0,-1.0,-1.0,-1.0,0.0,-1.0,0.0,0.0,0.0,-1.0,-1.0,0.0,-1.0,-1.0,-1.0,-1.0,0.0,0.0,-1.0
-1.0,0.0,0.0,-1.0,0.0,1.0,-1.0,-1.0,0.0,-1.0,-1.0,-1.0,0.0,-1.0,-1.0,-1.0,-1.0,-1.0,0.0,-1.0,-1.0,-1.0,-1.0,-1.0,-1.0,1.0,-1.0,1.0,-1.0,-1.0,-1.0,-1.0,-1.0,0.0,-1.0,-1.0,-1.0,-1.0,-1.0,-1.0,-1.0,-1.0,0.0,0.0,-1.0,0.0,0.0,0.0,0.009090909090909,-1.0,-1.0,0.0,-1.0,0.4818181818181818,-1.0,-1.0,0.0,-1.0,0.8823529411764706,0.0,0.0,-1.0,-1.0,0.0,0.0,-1.0,-1.0,0.0,-1.0,-1.0,-1.0,-1.0,0.0693069306930692,0.0,0.0,-1.0,-1.0,-1.0,0.0,-1.0,-1.0,-1.0,-1.0,0.0363636363636363,-1.0,0.0,-1.0,0.0,0.0,0.0,0.0480769230769231,0.0096153846153845,-1.0,0.0,-1.0,0.0,-1.0,0.0,0.0,-1.0
-1.0,-1.0,0.0,0.0,-1.0,1.0,-1.0,-1.0,0.0,1.0,-1.0,-1.0,0.0,0.0,-1.0,1.0,1.0,1.0,-1.0,1.0,-1.0,-1.0,-1.0,-1.0,1.0,-1.0,-1.0,1.0,-1.0,-1.0,0.0,-1.0,-1.0,0.0,-1.0,-1.0,-1.0,-1.0,-1.0,-1.0,-1.0,0.0,-1.0,0.0,0.0,0.0555555555555555,0.0,0.0,-1.0,-1.0,0.0,-1.0,-1.0,-1.0,-1.0,0.0,0.0,0.0,0.9285714285714286,0.0,-1.0,-1.0,-1.0,0.0082644628099173,-1.0,-1.0,-1.0,0.0,0.0,1.0,-1.0,0.0,-1.0,0.0,0.0,0.0,-1.0,0.0,0.0,-1.0,-1.0,-1.0,-1.0,0.05,-1.0,-1.0,-1.0,-1.0,0.0,-1.0,0.0642201834862384,-1.0,-1.0,-1.0,0.0,0.0,-1.0,-1.0,-1.0,-1.0
0.0,-1.0,-1.0,0.0,-1.0,-1.0,-1.0,0.0,0.0,-1.0,0.0,0.0,-1.0,-1.0,-1.0,-1.0,-1.0,0.0,0.0,-1.0,-1.0,-1.0,-1.0,-1.0,-1.0,1.0,1.0,-1.0,-1.0,-1.0,0.0,-1.0,-1.0,0.0,-1.0,-1.0,-1.0,0.0,-1.0,-1.0,1.0,-1.0,0.0,-1.0,0.0,0.0,-1.0,-1.0,-1.0,0.0,-1.0,-1.0,-1.0,0.47,0.0,0.0,0.0,0.0,-1.0,0.0,0.0,-1.0,0.0485436893203883,-1.0,0.0,0.0,-1.0,-1.0,0.0,-1.0,0.0,-1.0,-1.0,-1.0,0.0,0.0,-1.0,-1.0,0.0,0.0,0.0,-1.0,-1.0,-1.0,-1.0,-1.0,-1.0,0.0,-1.0,0.0,0.0899999999999999,-1.0,0.01,-1.0,0.0,-1.0,-1.0,0.0,0.0,0.0
0.0,-1.0,-1.0,0.0,-1.0,1.0,-1.0,0.0673076923076922,-1.0,-1.0,-1.0,-1.0,0.0,-1.0,-1.0,-1.0,-1.0,-1.0,-1.0,-1.0,0.0,-1.0,-1.0,-1.0,-1.0,1.0,-1.0,1.0,0.0,-1.0,-1.0,-1.0,0.0,-1.0,0.0,0.0,0.0,0.0,-1.0,-1.0,-1.0,-1.0,-1.0,-1.0,0.0,-1.0,-1.0,0.0,-1.0,-1.0,-1.0,-1.0,-1.0,-1.0,-1.0,0.0,-1.0,-1.0,-1.0,-1.0,-1.0,-1.0,0.0235294117647059,-1.0,0.0,0.0,-1.0,0.0,-1.0,-1.0,0.0,0.0,-1.0,-1.0,0.0,0.0,0.0,0.0,0.0,0.0,0.0,-1.0,-1.0,0.0,0.0,0.0,0.0,-1.0,-1.0,0.0,-1.0,-1.0,-1.0,0.009009009009009,0.0,-1.0,-1.0,-1.0,0.0,0.0095238095238094
0.0,0.0,-1.0,-1.0,-1.0,-1.0,1.0,0.03,0.0645161290322581,1.0,-1.0,-1.0,0.0,-1.0,-1.0,-1.0,-1.0,-1.0,-1.0,0.0267857142857143,-1.0,-1.0,-1.0,0.0,-1.0,-1.0,1.0,-1.0,0.0,0.0,-1.0,-1.0,-1.0,-1.0,-1.0,-1.0,-1.0,-1.0,0.0,-1.0,-1.0,0.0,0.0,-1.0,-1.0,0.036036036036036,-1.0,-1.0,-1.0,0.0,0.0,-1.0,1.0,-1.0,-1.0,-1.0,0.0,-1.0,-1.0,-1.0,0.0,0.0,-1.0,-1.0,-1.0,0.0,-1.0,0.0,0.0,-1.0,-1.0,-1.0,-1.0,-1.0,0.0,0.0,0.0,-1.0,0.0,-1.0,-1.0,0.0,-1.0,-1.0,-1.0,0.0,-1.0,-1.0,-1.0,-1.0,0.0625,0.0,-1.0,-1.0,-1.0,-1.0,1.0,0.0194174757281553,-1.0,-1.0
-1.0,0.0,-1.0,-1.0,0.0,-1.0,1.0,0.0,0.0,-1.0,-1.0,0.0,0.0,-1.0,0.0,0.0,-1.0,-1.0,0.0,0.0576923076923077,-1.0,-1.0,-1.0,-1.0,1.0,-1.0,-1.0,-1.0,-1.0,0.0,0.0,-1.0,0.0,0.0,-1.0,-1.0,-1.0,0.0,0.0,0.02,1.0,0.0,-1.0,-1.0,0.0,-1.0,0.0,-1.0,-1.0,-1.0,-1.0,0.0,-1.0,0.4811320754716981,-1.0,-1.0,0.0,-1.0,-1.0,-1.0,0.0,-1.0,-1.0,-1.0,-1.0,-1.0,0.0,0.0,0.0,-1.0,0.0,0.0,0.0574712643678161,-1.0,0.0,0.0,-1.0,-1.0,-1.0,0.0,-1.0,-1.0,-1.0,-1.0,-1.0,-1.0,0.0,0.0,0.0,0.01010101010101,-1.0,0.01010101010101,-1.0,-1.0,-1.0,0.0086206896551723,1.0,0.0,0.0,-1.0
0.0,-1.0,-1.0,-1.0,-1.0,1.0,-1.0,-1.0,-1.0,1.0,0.0,-1.0,-1.0,0.0,0.0,-1.0,0.0,0.0106382978723403,-1.0,0.0099009900990099,-1.0,0.0,0.0,-1.0,-1.0,-1.0,1.0,1.0,-1.0,0.0,-1.0,0.0,-1.0,-1.0,-1.0,-1.0,0.0,-1.0,0.0,-1.0,-1.0,0.0,-1.0,-1.0,-1.0,-1.0,-1.0,-1.0,0.0,-1.0,-1.0,0.01,-1.0,-1.0,-1.0,0.0,0.0,-1.0,0.8316831683168316,-1.0,0.0,-1.0,0.0297029702970297,-1.0,-1.0,0.0,0.0,-1.0,-1.0,1.0,0.0,-1.0,0.0470588235294118,0.0,0.0,0.0096153846153845,-1.0,0.0,0.0,0.0,-1.0,-1.0,-1.0,0.0094339622641509,-1.0,0.0,-1.0,0.0,0.0,0.0,-1.0,-1.0,0.0,-1.0,-1.0,0.0,-1.0,0.0,0.0,-1.0
0.0,0.0,0.0097087378640776,0.0,0.0,-1.0,1.0,-1.0,-1.0,1.0,0.0,-1.0,-1.0,0.0,0.0,-1.0,-1.0,-1.0,0.0,-1.0,0.0,0.0,0.0,0.0,1.0,1.0,1.0,1.0,0.0210526315789473,0.0,0.0,-1.0,0.0,0.0,-1.0,-1.0,0.0,-1.0,0.0,0.0,-1.0,-1.0,-1.0,-1.0,-1.0,-1.0,-1.0,-1.0,-1.0,0.0,0.0,-1.0,-1.0,0.4854368932038835,-1.0,0.0,-1.0,-1.0,0.8064516129032258,0.0,-1.0,0.0,-1.0,-1.0,-1.0,0.0,0.0,-1.0,0.0,1.0,-1.0,-1.0,0.0490196078431373,-1.0,-1.0,0.0,-1.0,0.0,0.0,0.0,-1.0,-1.0,0.0,0.0098039215686274,0.0,0.0,-1.0,-1.0,-1.0,0.0,-1.0,-1.0,-1.0,0.0,-1.0,-1.0,-1.0,-1.0,-1.0,0.036036036036036
0.0,-1.0,-1.0,0.0,-1.0,-1.0,-1.0,0.0,0.0,1.0,-1.0,0.0,0.0,-1.0,0.0,0.0,-1.0,-1.0,-1.0,-1.0,0.0,-1.0,0.0,-1.0,1.0,1.0,1.0,-1.0,0.0,0.0,-1.0,-1.0,-1.0,-1.0,0.0,0.0,-1.0,0.0,0.0,0.010204081632653,-1.0,0.0,0.0,-1.0,0.0,-1.0,0.0,-1.0,0.0,-1.0,-1.0,-1.0,-1.0,-1.0,-1.0,0.0,-1.0,-1.0,-1.0,0.0,-1.0,-1.0,-1.0,-1.0,0.0,-1.0,-1.0,0.0,0.0,-1.0,0.0,0.0,-1.0,-1.0,0.0,0.0,0.003584229390681,0.0,-1.0,-1.0,0.0099009900990099,0.0,0.0,0.03,-1.0,0.0,-1.0,-1.0,0.0,0.0,-1.0,-1.0,-1.0,-1.0,-1.0,-1.0,-1.0,0.0,0.0,-1.0
-1.0,0.0,0.0,-1.0,0.0,1.0,1.0,0.0,0.0,-1.0,-1.0,0.0,0.0,0.0098039215686274,0.0,0.0196078431372549,0.0,0.0,-1.0,-1.0,-1.0,-1.0,-1.0,0.0,-1.0,1.0,-1.0,-1.0,-1.0,-1.0,0.0,-1.0,-1.0,-1.0,0.0,-1.0,0.0,-1.0,0.0,-1.0,-1.0,-1.0,0.0,0.0,-1.0,-1.0,0.0,0.0,0.0,0.0204081632653061,-1.0,0.0,-1.0,0.5128205128205128,0.0,0.0,-1.0,0.0,-1.0,-1.0,-1.0,-1.0,0.0185185185185184,0.0,-1.0,-1.0,-1.0,-1.0,0.0,-1.0,-1.0,-1.0,-1.0,0.0094339622641509,-1.0,-1.0,-1.0,0.0,0.0,0.0,-1.0,0.009009009009009,-1.0,-1.0,0.0,0.0,-1.0,0.0,-1.0,0.0,0.0505050505050505,-1.0,-1.0,-1.0,-1.0,-1.0,-1.0,-1.0,-1.0,-1.0
-1.0,-1.0,0.0,-1.0,0.0,1.0,-1.0,0.0,-1.0,1.0,-1.0,0.0,-1.0,-1.0,0.0,0.0,-1.0,0.0,0.0,-1.0,-1.0,0.0,-1.0,0.0,1.0,1.0,-1.0,-1.0,-1.0,-1.0,-1.0,0.0,-1.0,0.0,0.0,-1.0,-1.0,-1.0,-1.0,-1.0,1.0,0.0,-1.0,0.0,-1.0,-1.0,-1.0,-1.0,0.019047619047619,-1.0,-1.0,-1.0,-1.0,0.4380952380952381,0.0,-1.0,0.0,-1.0,0.9545454545454546,0.0,-1.0,-1.0,-1.0,-1.0,0.0,-1.0,0.0,0.0,-1.0,1.0,-1.0,-1.0,0.0909090909090909,0.0,0.0,0.0,-1.0,0.0,0.0,-1.0,0.0,0.0,-1.0,0.0396039603960396,-1.0,-1.0,-1.0,-1.0,-1.0,-1.0,-1.0,-1.0,0.0,-1.0,-1.0,0.0,1.0,0.0,-1.0,0.0
-1.0,0.0,0.0,0.0,0.0,-1.0,-1.0,0.0,-1.0,-1.0,-1.0,-1.0,0.0,-1.0,-1.0,-1.0,-1.0,-1.0,-1.0,-1.0,-1.0,0.0,-1.0,-1.0,-1.0,-1.0,1.0,1.0,0.0,0.0,0.0,0.0,-1.0,0.0,-1.0,-1.0,0.0,0.0,-1.0,-1.0,-1.0,0.0,0.0,-1.0,0.0,0.0,0.0,0.0,-1.0,-1.0,-1.0,-1.0,-1.0,-1.0,-1.0,-1.0,-1.0,0.0,-1.0,0.0,-1.0,-1.0,-1.0,0.0,-1.0,0.0,-1.0,-1.0,0.0,-1.0,-1.0,-1.0,0.0618556701030927,-1.0,0.0,-1.0,-1.0,-1.0,0.0,0.0,0.0,-1.0,-1.0,-1.0,-1.0,0.0,0.0,0.0,0.0,0.0,0.134453781512605,-1.0,0.0,-1.0,0.0,0.0,-1.0,0.0,-1.0,-1.0
-1.0,-1.0,0.0,0.0,-1.0,-1.0,1.0,-1.0,-1.0,1.0,-1.0,-1.0,0.0,0.0,-1.0,0.0,-1.0,-1.0,-1.0,-1.0,-1.0,-1.0,-1.0,-1.0,1.0,-1.0,1.0,-1.0,0.021505376344086,-1.0,0.0,-1.0,0.0,0.0,-1.0,0.0,0.0,-1.0,-1.0,0.009090909090909,-1.0,-1.0,0.0,-1.0,-1.0,0.0,0.0,-1.0,0.0,-1.0,0.0,0.0,-1.0,0.4770642201834862,-1.0,-1.0,0.0,-1.0,-1.0,0.0,0.0,-1.0,-1.0,0.0,0.0094339622641509,0.0,-1.0,-1.0,0.0,-1.0,0.0,-1.0,-1.0,-1.0,-1.0,-1.0,-1.0,-1.0,-1.0,-1.0,-1.0,-1.0,-1.0,-1.0,-1.0,-1.0,0.0,-1.0,0.0,-1.0,0.1309523809523809,0.0119047619047618,-1.0,0.0,0.0,0.0,-1.0,-1.0,-1.0,-1.0
0.0,-1.0,0.0,-1.0,0.0,1.0,-1.0,-1.0,-1.0,-1.0,0.0,-1.0,-1.0,-1.0,0.0,0.0,-1.0,0.0,0.0,0.018348623853211,0.0,-1.0,0.0,0.0,1.0,1.0,-1.0,1.0,-1.0,-1.0,-1.0,-1.0,-1.0,-1.0,-1.0,-1.0,0.0,-1.0,0.0,0.0,1.0,-1.0,-1.0,0.0,0.0,-1.0,-1.0,-1.0,0.0095238095238094,0.01010101010101,0.0,0.0303030303030302,-1.0,-1.0,0.0,-1.0,-1.0,-1.0,-1.0,-1.0,0.0,0.0,-1.0,-1.0,-1.0,0.0,-1.0,0.0,0.0,1.0,-1.0,-1.0,0.0849056603773584,0.0,-1.0,-1.0,-1.0,-1.0,0.0,0.0,-1.0,-1.0,-1.0,0.0117647058823529,0.0,-1.0,-1.0,-1.0,-1.0,0.0,-1.0,-1.0,0.0,-1.0,0.0,-1.0,-1.0,0.0,0.0,-1.0
-1.0,-1.0,-1.0,-1.0,-1.0,1.0,1.0,-1.0,-1.0,-1.0,0.0,0.0,0.0,-1.0,0.0,-1.0,-1.0,0.0,-1.0,0.054054054054054,0.0,0.0,-1.0,0.0,1.0,-1.0,-1.0,-1.0,-1.0,-1.0,0.0,0.0,-1.0,0.0,-1.0,-1.0,-1.0,-1.0,0.0,-1.0,-1.0,-1.0,-1.0,-1.0,-1.0,0.0,-1.0,0.0,-1.0,-1.0,-1.0,-1.0,-1.0,-1.0,0.0,-1.0,0.0,0.0,-1.0,0.0,-1.0,0.0,0.0275229357798164,0.0089285714285713,-1.0,-1.0,0.0,0.0,0.0,1.0,-1.0,0.0,0.0666666666666666,-1.0,-1.0,0.0099009900990099,-1.0,-1.0,-1.0,-1.0,0.0,0.0,-1.0,0.0285714285714285,0.0,0.0,-1.0,-1.0,-1.0,-1.0,-1.0,-1.0,0.0,0.0,0.0,-1.0,-1.0,-1.0,-1.0,0.01
0.0,0.0,-1.0,-1.0,-1.0,-1.0,-1.0,-1.0,0.0,-1.0,-1.0,-1.0,0.0,-1.0,-1.0,-1.0,-1.0,-1.0,-1.0,-1.0,-1.0,-1.0,0.0,0.0,-1.0,1.0,1.0,-1.0,-1.0,-1.0,-1.0,-1.0,0.0,-1.0,-1.0,-1.0,0.0,-1.0,-1.0,-1.0,-1.0,-1.0,1.0,-1.0,0.0,-1.0,-1.0,-1.0,-1.0,0.0217391304347825,-1.0,-1.0,-1.0,-1.0,-1.0,-1.0,-1.0,0.0,-1.0,0.0,0.0,-1.0,-1.0,-1.0,0.0,-1.0,-1.0,0.0,0.0,-1.0,-1.0,0.0,0.0458715596330274,0.0,0.0091743119266054,-1.0,-1.0,-1.0,0.0,-1.0,0.0,0.0,-1.0,-1.0,-1.0,0.0,-1.0,-1.0,0.0,-1.0,0.1346153846153845,0.0,-1.0,-1.0,-1.0,-1.0,1.0,-1.0,0.0,-1.0
-1.0,-1.0,-1.0,0.0,-1.0,-1.0,1.0,-1.0,0.0,1.0,-1.0,-1.0,0.0,0.0,0.0,0.0,-1.0,-1.0,-1.0,-1.0,-1.0,-1.0,0.0,0.0,-1.0,-1.0,-1.0,1.0,-1.0,-1.0,-1.0,-1.0,0.0,0.0,-1.0,0.01010101010101,-1.0,-1.0,-1.0,-1.0,-1.0,0.0,-1.0,-1.0,0.0,0.0,-1.0,-1.0,-1.0,-1.0,-1.0,-1.0,1.0,0.6699029126213591,-1.0,-1.0,-1.0,-1.0,-1.0,-1.0,-1.0,-1.0,-1.0,0.0,-1.0,-1.0,-1.0,-1.0,-1.0,1.0,0.0,0.0,-1.0,-1.0,-1.0,0.0,-1.0,-1.0,-1.0,-1.0,-1.0,-1.0,-1.0,0.0412371134020618,-1.0,-1.0,-1.0,-1.0,-1.0,-1.0,-1.0,0.0095238095238094,0.0,0.0,-1.0,-1.0,-1.0,0.0,0.0,-1.0
-1.0,0.0,-1.0,-1.0,0.0,-1.0,-1.0,0.0,0.0,-1.0,0.0,0.0,-1.0,0.0,0.0,0.0,0.0,0.0,-1.0,0.06,0.0,0.0,0.0,0.0,-1.0,-1.0,-1.0,-1.0,-1.0,0.0,-1.0,-1.0,-1.0,-1.0,-1.0,-1.0,-1.0,-1.0,-1.0,-1.0,1.0,-1.0,-1.0,-1.0,-1.0,-1.0,-1.0,-1.0,-1.0,0.0,-1.0,-1.0,1.0,-1.0,-1.0,-1.0,-1.0,-1.0,-1.0,0.0,-1.0,-1.0,-1.0,-1.0,-1.0,-1.0,0.0,-1.0,0.0,1.0,0.0,-1.0,0.0782608695652173,0.0,-1.0,-1.0,0.0,0.0,0.0,0.0,0.0,-1.0,-1.0,0.0172413793103448,-1.0,-1.0,-1.0,-1.0,0.0,-1.0,-1.0,-1.0,-1.0,0.0,0.0,-1.0,-1.0,-1.0,-1.0,0.0
-1.0,-1.0,-1.0,0.0,0.0,1.0,-1.0,-1.0,-1.0,-1.0,0.0,-1.0,0.0,0.0,-1.0,-1.0,-1.0,0.0,-1.0,-1.0,0.0,0.0,-1.0,-1.0,-1.0,-1.0,1.0,1.0,0.0,0.0,-1.0,-1.0,-1.0,-1.0,0.0,-1.0,-1.0,-1.0,0.0,-1.0,-1.0,-1.0,0.0,0.0,-1.0,0.0,-1.0,-1.0,-1.0,0.02,0.0,0.0,-1.0,-1.0,-1.0,0.0,-1.0,0.0,-1.0,-1.0,0.0,-1.0,-1.0,-1.0,0.0,0.0,0.0,0.0,0.0,-1.0,-1.0,-1.0,-1.0,0.0,-1.0,0.0,-1.0,0.0,-1.0,-1.0,-1.0,0.0,-1.0,-1.0,0.0,0.0,0.0,0.0,-1.0,-1.0,0.0818181818181817,-1.0,-1.0,-1.0,-1.0,-1.0,1.0,-1.0,-1.0,0.0
0.0,-1.0,-1.0,-1.0,0.0,-1.0,-1.0,-1.0,0.0,-1.0,-1.0,-1.0,-1.0,-1.0,0.0,0.0,-1.0,-1.0,0.010752688172043,0.053763440860215,-1.0,-1.0,0.0,-1.0,-1.0,-1.0,1.0,1.0,0.0194174757281553,-1.0,0.0,-1.0,-1.0,-1.0,0.0,-1.0,-1.0,0.0,0.0,0.0,1.0,0.0,-1.0,-1.0,-1.0,-1.0,-1.0,-1.0,0.0,-1.0,-1.0,-1.0,1.0,-1.0,0.0,-1.0,-1.0,-1.0,0.8928571428571429,0.0,0.0,-1.0,-1.0,-1.0,-1.0,0.0,-1.0,-1.0,0.0,1.0,0.0,0.0,-1.0,-1.0,-1.0,-1.0,-1.0,-1.0,0.0,-1.0,0.0,-1.0,0.0,-1.0,-1.0,0.0,-1.0,-1.0,-1.0,-1.0,0.127659574468085,-1.0,-1.0,-1.0,-1.0,0.0,1.0,-1.0,-1.0,-1.0
-1.0,0.0,-1.0,-1.0,0.0,1.0,-1.0,-1.0,0.0,-1.0,-1.0,0.0,0.0,-1.0,-1.0,-1.0,-1.0,-1.0,-1.0,-1.0,0.0,-1.0,0.0,-1.0,-1.0,1.0,-1.0,1.0,-1.0,0.0,0.0,-1.0,-1.0,-1.0,0.0,-1.0,0.0,-1.0,0.0,-1.0,1.0,-1.0,-1.0,-1.0,-1.0,0.0,0.0,0.0,-1.0,-1.0,-1.0,-1.0,-1.0,0.4174757281553398,-1.0,-1.0,-1.0,0.0,0.8571428571428572,-1.0,-1.0,0.0,0.0595238095238095,0.0,0.0,-1.0,0.0,0.0,-1.0,-1.0,0.0,-1.0,0.0170940170940171,-1.0,-1.0,-1.0,-1.0,-1.0,0.0,0.0,0.0,-1.0,-1.0,-1.0,-1.0,-1.0,-1.0,-1.0,0.0,0.0,-1.0,-1.0,-1.0,-1.0,0.0,0.0,-1.0,-1.0,-1.0,-1.0
-1.0,-1.0,-1.0,-1.0,-1.0,-1.0,-1.0,-1.0,0.0,-1.0,-1.0,-1.0,-1.0,-1.0,0.0,-1.0,-1.0,0.0,0.0098039215686274,-1.0,-1.0,0.0,0.0,0.0,-1.0,1.0,1.0,1.0,-1.0,-1.0,-1.0,0.0,0.0,-1.0,-1.0,-1.0,-1.0,-1.0,-1.0,0.0,-1.0,0.0,-1.0,0.0,0.0,0.0176991150442478,0.0,-1.0,0.01,-1.0,-1.0,-1.0,-1.0,0.5,-1.0,0.0,-1.0,-1.0,0.84375,0.0,0.0,-1.0,-1.0,-1.0,-1.0,0.0,-1.0,0.0,-1.0,1.0,0.0,-1.0,-1.0,-1.0,-1.0,-1.0,0.0,0.0,0.0,-1.0,-1.0,-1.0,-1.0,-1.0,-1.0,-1.0,-1.0,0.0,-1.0,0.0,0.1145833333333333,0.0,0.0,-1.0,-1.0,-1.0,-1.0,-1.0,-1.0,-1.0
0.0,-1.0,-1.0,0.0,-1.0,1.0,-1.0,0.0,-1.0,-1.0,0.0,-1.0,0.0,-1.0,-1.0,-1.0,-1.0,-1.0,-1.0,-1.0,0.0,-1.0,0.0,-1.0,-1.0,-1.0,-1.0,-1.0,-1.0,-1.0,-1.0,-1.0,-1.0,-1.0,0.0,0.0,0.0,-1.0,-1.0,0.0,-1.0,0.0,0.0,-1.0,-1.0,-1.0,0.0,-1.0,0.0217391304347825,-1.0,0.0,0.0,-1.0,-1.0,-1.0,-1.0,-1.0,-1.0,0.9090909090909092,0.0,0.0,-1.0,0.0568181818181817,-1.0,0.0,0.0,-1.0,-1.0,-1.0,-1.0,-1.0,-1.0,-1.0,-1.0,0.0,-1.0,-1.0,0.0,-1.0,-1.0,0.0,0.0,-1.0,-1.0,-1.0,0.0,-1.0,-1.0,-1.0,0.0,-1.0,-1.0,-1.0,-1.0,-1.0,-1.0,1.0,0.0,-1.0,0.0
0.0,-1.0,-1.0,-1.0,-1.0,-1.0,-1.0,-1.0,-1.0,1.0,0.0,-1.0,-1.0,0.0,0.0,0.0095238095238094,-1.0,-1.0,-1.0,-1.0,-1.0,-1.0,-1.0,0.0,-1.0,1.0,-1.0,-1.0,-1.0,0.0,0.0,-1.0,-1.0,-1.0,0.0,-1.0,-1.0,-1.0,-1.0,0.0188679245283018,-1.0,-1.0,0.0,0.0,0.0,0.0660377358490565,-1.0,0.0,-1.0,-1.0,-1.0,-1.0,-1.0,0.4845360824742268,-1.0,-1.0,-1.0,-1.0,-1.0,0.0,-1.0,0.0,0.045045045045045,0.0,-1.0,0.0,0.0,-1.0,-1.0,-1.0,0.0,-1.0,-1.0,-1.0,-1.0,-1.0,0.0,-1.0,0.0,0.0,-1.0,-1.0,0.0,0.0253164556962025,-1.0,-1.0,-1.0,-1.0,0.0,-1.0,0.0754716981132075,-1.0,0.0,-1.0,-1.0,-1.0,1.0,-1.0,-1.0,0.0
0.0,-1.0,-1.0,-1.0,0.0,1.0,1.0,-1.0,0.0,-1.0,-1.0,-1.0,-1.0,-1.0,0.0,0.0,-1.0,-1.0,-1.0,-1.0,-1.0,0.0,-1.0,0.0,1.0,-1.0,-1.0,-1.0,0.0,-1.0,0.01010101010101,-1.0,-1.0,-1.0,-1.0,-1.0,0.0,0.0,-1.0,-1.0,1.0,0.0,-1.0,-1.0,-1.0,0.0175438596491228,0.0087719298245614,-1.0,-1.0,-1.0,-1.0,-1.0,1.0,0.4690265486725663,-1.0,-1.0,0.0,0.0,0.925925925925926,-1.0,0.0,-1.0,-1.0,0.0135135135135134,0.0,-1.0,-1.0,-1.0,0.0,1.0,0.0,0.0,0.0699999999999999,0.0,-1.0,-1.0,0.0,-1.0,-1.0,0.0,0.0,0.0,0.0,-1.0,0.0,0.0,-1.0,-1.0,0.0,0.0,-1.0,0.0084745762711864,-1.0,-1.0,0.0,0.0,-1.0,-1.0,-1.0,0.0
0.0,0.0,-1.0,-1.0,0.0,-1.0,-1.0,-1.0,-1.0,-1.0,-1.0,-1.0,-1.0,-1.0,-1.0,-1.0,0.0,-1.0,-1.0,-1.0,0.0,-1.0,-1.0,-1.0,1.0,-1.0,1.0,-1.0,-1.0,-1.0,-1.0,0.0,-1.0,-1.0,0.0,0.0,0.0,-1.0,-1.0,-1.0,1.0,-1.0,-1.0,-1.0,-1.0,-1.0,0.0,-1.0,-1.0,-1.0,-1.0,0.0,-1.0,0.4786324786324786,-1.0,0.0,0.0,-1.0,0.8974358974358975,-1.0,-1.0,-1.0,-1.0,-1.0,0.0,0.0,-1.0,0.0,-1.0,-1.0,0.0,0.0,-1.0,0.0,-1.0,0.0,-1.0,0.0,0.0,0.0,-1.0,-1.0,-1.0,0.0297029702970297,1.0,-1.0,0.0,-1.0,0.0,-1.0,-1.0,-1.0,-1.0,-1.0,-1.0,0.0,-1.0,-1.0,0.0099009900990099,0.0
-1.0,-1.0,-1.0,-1.0,0.0,1.0,1.0,0.0,-1.0,-1.0,-1.0,-1.0,-1.0,0.0,-1.0,0.0,0.0,-1.0,-1.0,0.0285714285714285,0.0,-1.0,-1.0,-1.0,-1.0,-1.0,1.0,-1.0,-1.0,0.0,0.0,0.0,-1.0,-1.0,-1.0,-1.0,0.0,-1.0,-1.0,0.0,-1.0,-1.0,0.0,0.0,-1.0,0.0,-1.0,-1.0,-1.0,-1.0,-1.0,0.0,-1.0,0.4432989690721649,-1.0,-1.0,-1.0,-1.0,0.898876404494382,-1.0,-1.0,0.0,-1.0,0.0,-1.0,-1.0,0.0,0.0,0.0,1.0,-1.0,0.0,0.05,-1.0,0.0,-1.0,-1.0,-1.0,0.0,0.0,0.0,-1.0,-1.0,-1.0,0.0,0.0,0.0,-1.0,-1.0,0.0,-1.0,0.0,0.0,-1.0,-1.0,-1.0,1.0,-1.0,-1.0,-1.0
0.0,-1.0,0.0,-1.0,-1.0,-1.0,1.0,-1.0,-1.0,1.0,-1.0,-1.0,0.0,0.0097087378640776,0.0,0.0097087378640776,-1.0,0.0,-1.0,0.0485436893203883,0.0,0.0,0.0,-1.0,-1.0,1.0,-1.0,1.0,0.0,0.0,-1.0,-1.0,0.0,-1.0,0.0,-1.0,0.0,-1.0,-1.0,-1.0,-1.0,0.0,0.0,-1.0,0.0,0.0388349514563106,0.0,0.0,-1.0,0.0,0.0,0.019047619047619,1.0,-1.0,0.0,0.0,0.0,-1.0,-1.0,-1.0,-1.0,0.0,0.0204081632653061,0.0,-1.0,0.0,-1.0,-1.0,-1.0,1.0,-1.0,0.0,0.0686274509803921,0.0,-1.0,0.0,-1.0,0.0,-1.0,-1.0,0.0,0.0,0.0,-1.0,-1.0,-1.0,-1.0,-1.0,-1.0,-1.0,0.0799999999999999,-1.0,-1.0,-1.0,-1.0,-1.0,1.0,0.0093457943925233,0.0,-1.0
-1.0,-1.0,-1.0,0.0,-1.0,-1.0,1.0,-1.0,-1.0,-1.0,0.0,0.0,0.0,0.0,0.0,-1.0,0.0,0.0,-1.0,0.03125,0.0,-1.0,-1.0,-1.0,-1.0,1.0,-1.0,-1.0,0.0,-1.0,0.0,0.0,-1.0,-1.0,0.0,-1.0,-1.0,-1.0,0.0,0.019047619047619,-1.0,-1.0,0.0,-1.0,-1.0,-1.0,0.0,-1.0,-1.0,0.0098039215686274,-1.0,0.0,-1.0,-1.0,-1.0,-1.0,-1.0,-1.0,-1.0,-1.0,-1.0,0.0,-1.0,0.0,-1.0,0.0,-1.0,0.0,0.0,1.0,0.0,0.0,0.0204081632653061,0.0,-1.0,0.0,0.0,0.0,0.0,-1.0,-1.0,0.0,-1.0,-1.0,0.0,0.0,-1.0,0.0,-1.0,-1.0,0.0594059405940594,-1.0,0.0,-1.0,0.0,0.0,1.0,0.0,-1.0,-1.0
-1.0,-1.0,-1.0,0.0,0.0,-1.0,-1.0,-1.0,-1.0,-1.0,-1.0,-1.0,-1.0,-1.0,-1.0,-1.0,-1.0,-1.0,0.0,-1.0,-1.0,0.0,-1.0,-1.0,-1.0,1.0,-1.0,-1.0,0.0,0.0,0.0,-1.0,0.0,0.0,0.0,-1.0,-1.0,0.0,-1.0,-1.0,1.0,-1.0,-1.0,0.0,-1.0,0.0186915887850467,0.0,-1.0,0.0,-1.0,-1.0,-1.0,-1.0,-1.0,-1.0,-1.0,-1.0,0.0,-1.0,-1.0,-1.0,-1.0,0.0612244897959183,-1.0,0.0,0.0,0.0,0.0,-1.0,1.0,-1.0,0.0,-1.0,-1.0,0.0,-1.0,-1.0,-1.0,-1.0,-1.0,0.0,0.0,-1.0,0.0232558139534884,0.0,-1.0,0.0,0.0,-1.0,-1.0,-1.0,0.0,0.0,0.0,-1.0,-1.0,1.0,-1.0,-1.0,-1.0
-1.0,-1.0,-1.0,-1.0,-1.0,1.0,-1.0,0.0,0.0,1.0,-1.0,0.0,-1.0,0.0,0.0,0.0,0.0,-1.0,-1.0,0.011111111111111,0.0,-1.0,0.0,-1.0,-1.0,-1.0,-1.0,1.0,-1.0,0.0,0.0,-1.0,-1.0,-1.0,0.0,0.0,-1.0,-1.0,-1.0,0.0,-1.0,-1.0,-1.0,0.0,0.0283018867924528,-1.0,-1.0,0.0,-1.0,-1.0,0.0,-1.0,-1.0,0.4811320754716981,0.0,0.0,0.0,-1.0,1.0,-1.0,0.0,-1.0,-1.0,0.0,0.0103092783505154,-1.0,0.0,-1.0,0.0,1.0,0.0,-1.0,-1.0,0.0,0.0,-1.0,0.0,0.0,0.0,-1.0,-1.0,0.0,-1.0,-1.0,0.2469135802469135,-1.0,-1.0,0.0,-1.0,0.0,-1.0,-1.0,0.0,-1.0,-1.0,-1.0,1.0,0.0,-1.0,-1.0
0.0,-1.0,0.0,-1.0,0.0,1.0,1.0,-1.0,-1.0,-1.0,0.0092592592592593,0.0,0.0,0.0,-1.0,0.0,-1.0,-1.0,-1.0,-1.0,-1.0,0.0,-1.0,0.0,1.0,-1.0,-1.0,-1.0,-1.0,0.0,-1.0,-1.0,-1.0,0.0,0.0,-1.0,-1.0,-1.0,-1.0,-1.0,1.0,-1.0,0.0,-1.0,-1.0,0.0467289719626168,-1.0,-1.0,-1.0,0.0,-1.0,-1.0,-1.0,-1.0,0.0,-1.0,-1.0,0.0,-1.0,-1.0,-1.0,-1.0,-1.0,-1.0,0.0,-1.0,0.0,0.0,-1.0,-1.0,-1.0,-1.0,0.0625,-1.0,0.0,-1.0,0.0,-1.0,-1.0,-1.0,0.0105263157894737,0.0,-1.0,-1.0,-1.0,-1.0,-1.0,-1.0,0.0,0.0,0.1134020618556701,-1.0,-1.0,-1.0,-1.0,-1.0,1.0,-1.0,-1.0,0.0
-1.0,-1.0,0.0,0.0,-1.0,1.0,-1.0,-1.0,-1.0,-1.0,-1.0,0.0,-1.0,0.0,0.0,0.0,0.0,0.0,0.0,-1.0,0.0,-1.0,0.0,-1.0,1.0,-1.0,1.0,-1.0,0.0109890109890109,-1.0,-1.0,0.0,-1.0,-1.0,0.0,-1.0,0.0,0.0,0.0,-1.0,1.0,0.0,0.0,-1.0,0.0,-1.0,-1.0,-1.0,0.0098039215686274,-1.0,-1.0,0.0,1.0,-1.0,-1.0,-1.0,0.0,-1.0,-1.0,-1.0,-1.0,-1.0,0.02803738317757,0.0,-1.0,0.0,0.0,0.0,-1.0,1.0,-1.0,-1.0,-1.0,0.0,-1.0,0.0,-1.0,-1.0,0.0,-1.0,-1.0,-1.0,-1.0,0.019047619047619,0.0,0.0,-1.0,-1.0,-1.0,-1.0,0.0555555555555555,0.0,0.0,-1.0,-1.0,-1.0,-1.0,-1.0,0.0,0.0
0.0,-1.0,0.0,-1.0,-1.0,1.0,1.0,-1.0,-1.0,-1.0,-1.0,0.0,-1.0,0.0,-1.0,-1.0,-1.0,0.0,0.0,-1.0,-1.0,0.0,0.0,0.0,-1.0,1.0,-1.0,1.0,0.0106382978723403,-1.0,-1.0,0.0,0.0,-1.0,0.0,-1.0,0.0,0.0,-1.0,-1.0,-1.0,-1.0,0.0,0.0,0.0,-1.0,-1.0,0.0,0.0,-1.0,0.0,0.02,1.0,-1.0,0.0,-1.0,0.0,-1.0,0.892156862745098,0.0,0.0,-1.0,0.088235294117647,0.0,-1.0,0.0,0.0,-1.0,0.0,-1.0,0.0,0.0,0.0510204081632652,-1.0,0.0,-1.0,-1.0,-1.0,-1.0,-1.0,-1.0,-1.0,-1.0,0.0192307692307692,-1.0,-1.0,0.0,-1.0,0.0,-1.0,0.1132075471698113,-1.0,-1.0,0.0,-1.0,0.0,1.0,0.0,-1.0,0.0
-1.0,-1.0,0.0,0.0,0.0,-1.0,-1.0,0.0,-1.0,-1.0,-1.0,-1.0,0.0,0.0,0.0,0.0,0.0,-1.0,-1.0,-1.0,0.0,-1.0,0.010204081632653,0.0,1.0,-1.0,-1.0,1.0,-1.0,-1.0,0.0,0.01010101010101,0.0,-1.0,-1.0,-1.0,-1.0,-1.0,0.0,-1.0,-1.0,0.0,0.0,0.0,-1.0,0.0,-1.0,0.0,0.0098039215686274,-1.0,0.0,-1.0,1.0,-1.0,0.0,0.0,-1.0,0.0,-1.0,0.0,0.0,-1.0,0.0348837209302325,-1.0,-1.0,0.0,0.0,-1.0,-1.0,-1.0,0.0,-1.0,0.073394495412844,0.0,-1.0,-1.0,0.0,0.0,-1.0,-1.0,-1.0,-1.0,-1.0,-1.0,-1.0,-1.0,0.0,0.0,-1.0,-1.0,-1.0,0.0,0.0,-1.0,-1.0,-1.0,-1.0,0.0,-1.0,-1.0
-1.0,-1.0,0.0,-1.0,-1.0,1.0,1.0,-1.0,0.0,1.0,0.0,0.0,-1.0,-1.0,-1.0,-1.0,0.0,-1.0,-1.0,0.0404040404040404,-1.0,-1.0,-1.0,-1.0,-1.0,1.0,-1.0,-1.0,0.0,0.0,0.0,-1.0,-1.0,-1.0,0.0,-1.0,-1.0,-1.0,0.01010101010101,-1.0,1.0,0.0,0.0,-1.0,-1.0,-1.0,-1.0,0.0,0.0,0.0,0.0,0.0089285714285713,-1.0,-1.0,-1.0,-1.0,0.0,-1.0,0.9207920792079208,-1.0,0.0,0.0,0.0495049504950495,-1.0,-1.0,-1.0,-1.0,0.0,-1.0,-1.0,-1.0,-1.0,-1.0,-1.0,0.0,-1.0,0.0,-1.0,-1.0,0.0,-1.0,-1.0,0.0,-1.0,-1.0,0.0,-1.0,-1.0,0.0,-1.0,-1.0,-1.0,0.0,-1.0,-1.0,-1.0,-1.0,-1.0,-1.0,0.0
0.0,-1.0,-1.0,0.0,-1.0,1.0,1.0,0.0,0.0,1.0,-1.0,0.0,-1.0,-1.0,0.0,0.0,-1.0,-1.0,0.0099009900990099,-1.0,-1.0,0.0,0.0,0.0,-1.0,1.0,1.0,1.0,0.0140845070422535,0.0,0.0,0.0089285714285713,-1.0,-1.0,0.0,-1.0,-1.0,-1.0,0.0,0.0086956521739129,1.0,0.0,0.0,-1.0,-1.0,-1.0,0.0,-1.0,-1.0,-1.0,0.0,-1.0,-1.0,-1.0,0.0,-1.0,-1.0,-1.0,-1.0,0.0,0.0,0.0,0.0169491525423728,0.0,-1.0,0.0094339622641509,-1.0,-1.0,-1.0,1.0,-1.0,-1.0,-1.0,-1.0,-1.0,-1.0,0.0,-1.0,0.0,-1.0,-1.0,-1.0,0.0,-1.0,-1.0,0.0,-1.0,-1.0,-1.0,-1.0,0.0943396226415094,-1.0,-1.0,0.0,-1.0,0.0,-1.0,0.0,-1.0,-1.0
-1.0,-1.0,-1.0,-1.0,-1.0,-1.0,-1.0,0.0,0.0,-1.0,0.0,-1.0,-1.0,-1.0,-1.0,0.01010101010101,0.0,0.0,-1.0,-1.0,0.0,-1.0,-1.0,0.0,-1.0,1.0,1.0,1.0,0.0096153846153845,-1.0,-1.0,-1.0,0.0,-1.0,0.0,0.0,0.0,0.0,-1.0,0.0,1.0,-1.0,-1.0,-1.0,0.0,0.0192307692307692,-1.0,-1.0,-1.0,0.0085470085470085,0.0,-1.0,-1.0,0.4873949579831933,-1.0,-1.0,0.0,-1.0,-1.0,-1.0,-1.0,-1.0,-1.0,-1.0,-1.0,0.0,-1.0,-1.0,0.0,-1.0,-1.0,-1.0,-1.0,0.0085470085470085,-1.0,0.0,0.0,-1.0,0.0,-1.0,-1.0,-1.0,-1.0,-1.0,0.0,-1.0,0.0,0.0,0.0,0.0,-1.0,0.0104166666666666,-1.0,-1.0,-1.0,-1.0,-1.0,0.0,0.0,0.0
0.0,-1.0,-1.0,0.0098039215686274,0.0,-1.0,-1.0,-1.0,0.0,-1.0,0.0,-1.0,-1.0,-1.0,-1.0,-1.0,-1.0,0.0,0.0,-1.0,-1.0,-1.0,0.0,0.0,1.0,1.0,1.0,-1.0,-1.0,0.0,0.0,-1.0,0.0,-1.0,0.0,-1.0,0.0,0.0,0.0,0.0238095238095238,-1.0,-1.0,-1.0,-1.0,-1.0,0.0357142857142857,-1.0,-1.0,-1.0,-1.0,0.0,-1.0,-1.0,-1.0,-1.0,-1.0,0.0,-1.0,0.9454545454545454,-1.0,-1.0,-1.0,0.009090909090909,-1.0,0.0,0.0,-1.0,-1.0,-1.0,-1.0,-1.0,-1.0,-1.0,-1.0,0.0,-1.0,-1.0,-1.0,0.0,0.0,-1.0,-1.0,-1.0,-1.0,-1.0,-1.0,-1.0,0.0,0.0,0.0,-1.0,-1.0,-1.0,-1.0,0.0,-1.0,1.0,-1.0,-1.0,-1.0
-1.0,-1.0,0.4257425742574258,0.4257425742574258,0.4257425742574258,-1.0,-1.0,-1.0,0.4257425742574258,-1.0,-1.0,0.4901960784313726,0.4301075268817204,-1.0,-1.0,-1.0,-1.0,-1.0,0.4901960784313726,0.5098039215686274,-1.0,-1.0,0.4893617021276596,0.4421052631578948,1.0,1.0,1.0,-1.0,0.4893617021276596,-1.0,0.4390243902439024,-1.0,0.4390243902439024,-1.0,0.4390243902439024,0.4893617021276596,0.4390243902439024,-1.0,-1.0,-1.0,-1.0,-1.0,-1.0,0.324074074074074,0.4150943396226415,0.324074074074074,-1.0,0.4150943396226415,0.4245283018867924,0.4,-1.0,-1.0,-1.0,-1.0,-1.0,-1.0,-1.0,-1.0,-1.0,0.4022988505747126,-1.0,-1.0,0.376068376068376,0.4069767441860464,0.0,-1.0,0.3859649122807017,-1.0,-1.0,1.0,-1.0,-1.0,-1.0,0.4051724137931034,-1.0,0.4358974358974359,-1.0,0.4358974358974359,-1.0,0.383177570093458,-1.0,-1.0,-1.0,-1.0,-1.0,0.0,-1.0,-1.0,0.4123711340206185,0.4123711340206185,-1.0,0.4123711340206185,0.4123711340206185,-1.0,0.4123711340206185,0.4795918367346938,-1.0,0.3723404255319149,-1.0,-1.0
-1.0,-1.0,-1.0,0.0,-1.0,-1.0,-1.0,-1.0,0.0,-1.0,-1.0,-1.0,-1.0,0.0,0.0,0.01010101010101,-1.0,-1.0,-1.0,0.0808080808080807,-1.0,-1.0,-1.0,0.0,1.0,-1.0,1.0,1.0,0.0,-1.0,0.0,0.0,-1.0,0.0,-1.0,-1.0,0.0,-1.0,-1.0,-1.0,-1.0,-1.0,-1.0,-1.0,-1.0,0.018018018018018,-1.0,0.0,-1.0,-1.0,-1.0,-1.0,1.0,-1.0,-1.0,0.0,0.0,-1.0,-1.0,0.0,-1.0,-1.0,-1.0,-1.0,-1.0,0.010204081632653,-1.0,-1.0,-1.0,1.0,0.0,0.0,0.0495049504950495,0.0,-1.0,0.0,-1.0,-1.0,-1.0,0.0,-1.0,-1.0,-1.0,0.0092592592592593,-1.0,-1.0,0.0,0.0,0.0,0.0,-1.0,-1.0,-1.0,-1.0,-1.0,-1.0,-1.0,0.0097087378640776,-1.0,0.0097087378640776
0.0,0.0,-1.0,0.0,0.0,-1.0,-1.0,0.0,-1.0,1.0,0.0,-1.0,-1.0,-1.0,-1.0,0.0,-1.0,0.0,-1.0,-1.0,-1.0,-1.0,0.0,0.0,1.0,-1.0,-1.0,-1.0,0.0106382978723403,0.0,-1.0,0.0,-1.0,-1.0,-1.0,-1.0,0.0,0.0,0.0,0.0099009900990099,-1.0,-1.0,-1.0,-1.0,-1.0,-1.0,-1.0,0.0,-1.0,0.0,-1.0,-1.0,1.0,-1.0,-1.0,-1.0,0.0,-1.0,0.8571428571428572,0.0,-1.0,-1.0,0.0178571428571429,-1.0,0.0,0.0,0.0,-1.0,0.0,1.0,0.0,-1.0,-1.0,-1.0,0.0,0.01010101010101,0.0,0.0,-1.0,-1.0,-1.0,0.0,-1.0,-1.0,-1.0,-1.0,0.0,0.0,-1.0,-1.0,-1.0,-1.0,-1.0,0.0,-1.0,-1.0,1.0,-1.0,-1.0,-1.0
-1.0,-1.0,-1.0,0.0,-1.0,-1.0,-1.0,-1.0,0.0,1.0,-1.0,-1.0,-1.0,0.0,0.0,-1.0,0.0,-1.0,-1.0,-1.0,-1.0,0.0,0.0123456790123457,0.0,1.0,-1.0,-1.0,-1.0,0.0123456790123457,-1.0,0.0,-1.0,-1.0,-1.0,-1.0,0.0,-1.0,-1.0,0.01010101010101,-1.0,-1.0,-1.0,-1.0,-1.0,-1.0,0.0508474576271186,-1.0,0.0,-1.0,-1.0,-1.0,0.0285714285714285,1.0,0.4949494949494949,-1.0,-1.0,-1.0,-1.0,-1.0,0.0,-1.0,-1.0,-1.0,-1.0,0.0,0.0,-1.0,-1.0,0.0,1.0,-1.0,0.0,0.0947368421052631,-1.0,-1.0,0.0089285714285713,-1.0,-1.0,-1.0,0.0,-1.0,0.0104166666666666,0.0,0.009009009009009,-1.0,-1.0,-1.0,0.0,0.0,-1.0,-1.0,0.0,-1.0,0.0,-1.0,0.0,-1.0,-1.0,0.0,-1.0
0.0,-1.0,-1.0,-1.0,-1.0,-1.0,1.0,0.0,0.0,-1.0,-1.0,0.0,0.0,0.0,0.0,0.0098039215686274,-1.0,0.0,-1.0,-1.0,-1.0,0.0,0.0,0.0,-1.0,-1.0,-1.0,-1.0,-1.0,-1.0,-1.0,-1.0,0.0,-1.0,-1.0,0.0,0.0,-1.0,0.0,-1.0,1.0,0.0,-1.0,-1.0,-1.0,0.0,-1.0,-1.0,-1.0,-1.0,0.0,-1.0,1.0,-1.0,0.0,0.0,-1.0,-1.0,0.8910891089108911,-1.0,0.0,0.0,-1.0,-1.0,0.0,-1.0,0.0,-1.0,0.0,-1.0,-1.0,0.0,-1.0,0.0,-1.0,0.0,0.0,-1.0,0.0,-1.0,-1.0,-1.0,0.0,0.0232558139534884,0.0,-1.0,0.0,0.0,-1.0,-1.0,0.0707070707070707,-1.0,0.0,-1.0,-1.0,-1.0,-1.0,-1.0,-1.0,-1.0
-1.0,-1.0,-1.0,-1.0,-1.0,-1.0,1.0,-1.0,-1.0,-1.0,-1.0,0.0,-1.0,0.0,-1.0,0.009009009009009,-1.0,-1.0,-1.0,0.0720720720720721,-1.0,-1.0,0.0083333333333333,0.0,-1.0,-1.0,-1.0,1.0,0.0,0.0,0.0,-1.0,-1.0,-1.0,0.0,-1.0,0.0,0.0,-1.0,-1.0,-1.0,-1.0,0.0,-1.0,0.0103092783505154,0.0408163265306122,-1.0,0.0,-1.0,-1.0,-1.0,-1.0,1.0,0.4742268041237113,-1.0,0.0,0.0,-1.0,-1.0,0.0,-1.0,0.0,-1.0,-1.0,0.0,0.0,0.0,0.0,0.0,-1.0,0.0,-1.0,0.0517241379310344,0.0,-1.0,-1.0,0.0,-1.0,-1.0,0.0,0.0165289256198346,-1.0,-1.0,-1.0,-1.0,-1.0,0.0,0.0,-1.0,-1.0,-1.0,-1.0,-1.0,-1.0,-1.0,0.0,-1.0,-1.0,0.0,0.0
1.0,1.0,-1.0,-1.0,-1.0,-1.0,-1.0,0.0,-1.0,1.0,0.0,0.0109890109890109,0.0,-1.0,0.009009009009009,-1.0,-1.0,-1.0,0.0,0.021978021978022,-1.0,-1.0,-1.0,-1.0,-1.0,1.0,1.0,-1.0,0.0192307692307692,-1.0,-1.0,-1.0,-1.0,-1.0,0.0096153846153845,-1.0,0.0,-1.0,0.0,0.0,-1.0,0.0,0.0,-1.0,-1.0,-1.0,0.0,-1.0,0.0106382978723403,-1.0,-1.0,0.0,1.0,0.5,-1.0,-1.0,-1.0,-1.0,-1.0,-1.0,0.0,-1.0,-1.0,0.0,-1.0,0.0,-1.0,-1.0,0.0,1.0,-1.0,-1.0,-1.0,-1.0,0.0,0.0,0.0,0.0,-1.0,0.0,0.0,0.0,-1.0,0.0,-1.0,-1.0,0.0,-1.0,0.0,-1.0,-1.0,0.010204081632653,-1.0,-1.0,0.0,-1.0,-1.0,0.0,-1.0,-1.0
-1.0,0.0,-1.0,-1.0,0.0,1.0,-1.0,-1.0,0.0,-1.0,-1.0,-1.0,-1.0,-1.0,-1.0,-1.0,0.0,-1.0,-1.0,-1.0,-1.0,-1.0,-1.0,-1.0,1.0,1.0,1.0,1.0,0.0,-1.0,0.0,0.0,0.0,-1.0,-1.0,-1.0,-1.0,-1.0,-1.0,0.0227272727272727,-1.0,0.0,0.0,0.0,-1.0,-1.0,0.0113636363636363,-1.0,0.0,0.02,0.0,0.0,-1.0,-1.0,-1.0,0.0,-1.0,0.0,0.8350515463917526,-1.0,-1.0,0.0,0.0515463917525773,-1.0,0.0,-1.0,-1.0,0.0,-1.0,-1.0,0.0,-1.0,-1.0,-1.0,-1.0,0.0,-1.0,-1.0,-1.0,-1.0,-1.0,0.0,-1.0,-1.0,-1.0,-1.0,0.0,-1.0,-1.0,0.0,0.0660377358490565,0.0,-1.0,0.0,-1.0,-1.0,1.0,-1.0,-1.0,-1.0
-1.0,0.0,0.0,-1.0,-1.0,1.0,1.0,0.0,0.0,-1.0,-1.0,-1.0,-1.0,0.0,0.0,-1.0,0.0,-1.0,-1.0,-1.0,-1.0,-1.0,-1.0,0.0,-1.0,-1.0,1.0,1.0,0.0,-1.0,0.0,-1.0,0.0,-1.0,-1.0,-1.0,0.0,-1.0,0.0,-1.0,-1.0,0.0,0.0,0.0,-1.0,0.0,-1.0,-1.0,-1.0,-1.0,0.0097087378640776,0.0084745762711864,1.0,-1.0,0.0,-1.0,0.0,0.0,0.8775510204081632,-1.0,0.0,0.0,-1.0,-1.0,0.0,-1.0,0.0,-1.0,-1.0,1.0,0.0,0.0,0.0673076923076922,0.0,0.0,-1.0,-1.0,0.0,0.0,0.0,-1.0,0.0,-1.0,-1.0,-1.0,-1.0,-1.0,0.0,-1.0,-1.0,0.0784313725490196,-1.0,0.0098039215686274,0.0,0.0,-1.0,-1.0,-1.0,-1.0,0.0
0.0,-1.0,0.0,-1.0,-1.0,1.0,1.0,0.0,0.0,1.0,-1.0,0.0,0.0,-1.0,0.0,-1.0,-1.0,-1.0,0.0,0.0526315789473684,0.0,-1.0,-1.0,0.0,-1.0,-1.0,1.0,-1.0,-1.0,-1.0,-1.0,-1.0,0.0,-1.0,0.0,-1.0,-1.0,-1.0,-1.0,-1.0,-1.0,-1.0,-1.0,0.0,0.0,-1.0,-1.0,-1.0,-1.0,-1.0,-1.0,0.0113636363636363,1.0,-1.0,-1.0,0.0,-1.0,-1.0,-1.0,-1.0,-1.0,0.0,0.037037037037037,-1.0,0.0,0.0,0.0,0.0,-1.0,-1.0,-1.0,-1.0,-1.0,0.0,-1.0,-1.0,-1.0,-1.0,-1.0,-1.0,-1.0,-1.0,-1.0,0.0094339622641509,0.0,-1.0,-1.0,-1.0,-1.0,-1.0,-1.0,-1.0,0.0,-1.0,0.0,-1.0,-1.0,0.0,0.0,0.0
-1.0,-1.0,0.0,-1.0,-1.0,-1.0,-1.0,-1.0,0.0,1.0,-1.0,0.0,-1.0,-1.0,-1.0,-1.0,-1.0,0.0,-1.0,-1.0,-1.0,0.0,-1.0,-1.0,-1.0,1.0,1.0,-1.0,-1.0,-1.0,-1.0,-1.0,-1.0,-1.0,-1.0,-1.0,0.0,0.0,0.0,-1.0,-1.0,-1.0,0.0,0.0,-1.0,0.0,-1.0,-1.0,0.011111111111111,0.0092592592592593,0.0,-1.0,1.0,-1.0,0.0,-1.0,0.0,0.0,-1.0,-1.0,0.0,0.0,0.0510204081632652,-1.0,0.0092592592592593,0.0,-1.0,-1.0,0.0,-1.0,0.0,-1.0,-1.0,0.0,0.0,-1.0,0.0,-1.0,0.0,-1.0,-1.0,-1.0,0.0,-1.0,0.0,0.0,-1.0,0.0,-1.0,-1.0,-1.0,-1.0,0.0,0.0,-1.0,0.0,-1.0,-1.0,-1.0,0.0
-1.0,0.0,0.0,0.0,-1.0,1.0,1.0,0.0,0.0,1.0,0.0,-1.0,0.0,0.0,-1.0,0.0,0.0,0.0,0.0,-1.0,-1.0,-1.0,0.0109890109890109,-1.0,1.0,-1.0,-1.0,1.0,0.0109890109890109,0.0,0.0,-1.0,-1.0,-1.0,-1.0,-1.0,0.0,0.0,-1.0,-1.0,1.0,0.0,-1.0,-1.0,0.0,-1.0,-1.0,0.0,0.010204081632653,0.0093457943925233,-1.0,0.0,1.0,-1.0,-1.0,-1.0,-1.0,-1.0,0.8598130841121495,0.0,0.0,0.0,-1.0,0.0,-1.0,0.0,-1.0,-1.0,0.0,1.0,-1.0,-1.0,-1.0,0.0,-1.0,-1.0,0.0,-1.0,-1.0,0.0,0.0,-1.0,-1.0,-1.0,-1.0,-1.0,-1.0,-1.0,-1.0,0.0,-1.0,-1.0,0.0,0.0,-1.0,0.0,-1.0,0.0,-1.0,-1.0
0.0,0.0,-1.0,0.0,-1.0,1.0,-1.0,0.0,0.0,-1.0,-1.0,-1.0,0.0,0.0,0.0,0.0106382978723403,-1.0,-1.0,0.0,0.0531914893617021,-1.0,-1.0,-1.0,-1.0,-1.0,-1.0,-1.0,1.0,-1.0,-1.0,0.0,-1.0,-1.0,0.0,-1.0,0.0,-1.0,-1.0,0.0,-1.0,1.0,-1.0,0.0,-1.0,0.0,0.0,-1.0,-1.0,-1.0,-1.0,0.0,-1.0,-1.0,0.4554455445544554,0.0,-1.0,-1.0,-1.0,-1.0,-1.0,-1.0,0.0,-1.0,0.0,-1.0,-1.0,0.0,-1.0,0.0,1.0,0.0,-1.0,-1.0,-1.0,-1.0,-1.0,0.0,-1.0,-1.0,-1.0,-1.0,0.0,0.0,0.0186915887850467,-1.0,-1.0,-1.0,0.0,0.0,-1.0,-1.0,-1.0,-1.0,-1.0,-1.0,-1.0,1.0,-1.0,0.0,-1.0
-1.0,-1.0,-1.0,0.0,0.0,-1.0,-1.0,-1.0,-1.0,1.0,0.0,-1.0,-1.0,0.0,-1.0,0.0,-1.0,0.0,0.0,-1.0,-1.0,0.0,-1.0,-1.0,-1.0,-1.0,-1.0,-1.0,0.0,-1.0,0.0,-1.0,-1.0,-1.0,-1.0,0.0,0.0,-1.0,-1.0,-1.0,1.0,-1.0,-1.0,-1.0,0.0,-1.0,-1.0,-1.0,-1.0,0.0,-1.0,-1.0,1.0,-1.0,0.0,0.0,-1.0,0.0,0.8617021276595744,-1.0,0.0,0.0,0.0531914893617021,0.0,-1.0,0.0,0.0,0.0,-1.0,-1.0,0.0,0.0,0.073394495412844,-1.0,0.0,-1.0,-1.0,-1.0,0.0,-1.0,0.0,0.0,-1.0,-1.0,-1.0,-1.0,-1.0,-1.0,-1.0,0.0,0.0582524271844659,0.0,-1.0,-1.0,-1.0,0.0,1.0,-1.0,-1.0,-1.0
0.0,-1.0,0.0,-1.0,0.0,-1.0,-1.0,0.0,-1.0,-1.0,0.0,-1.0,-1.0,0.0,0.0,0.0,-1.0,-1.0,-1.0,0.0285714285714285,-1.0,-1.0,-1.0,0.0,1.0,1.0,-1.0,-1.0,0.0,0.0,0.0,0.0,-1.0,-1.0,0.0,-1.0,-1.0,-1.0,-1.0,0.0093457943925233,1.0,-1.0,-1.0,-1.0,-1.0,-1.0,-1.0,-1.0,0.0106382978723403,-1.0,0.0,-1.0,-1.0,-1.0,0.0,-1.0,0.0,-1.0,-1.0,0.0,0.0,0.0,0.047244094488189,0.0198019801980198,0.0,-1.0,-1.0,-1.0,-1.0,1.0,-1.0,-1.0,-1.0,0.0,-1.0,0.0,-1.0,0.0,-1.0,0.0,0.0,-1.0,-1.0,-1.0,-1.0,-1.0,-1.0,0.0,-1.0,-1.0,0.0465116279069767,-1.0,-1.0,0.0,-1.0,-1.0,-1.0,-1.0,-1.0,-1.0
0.0,-1.0,-1.0,0.0,0.0,-1.0,-1.0,-1.0,-1.0,1.0,-1.0,0.0,-1.0,0.0,0.0,-1.0,0.0,-1.0,-1.0,-1.0,0.0,0.0,0.0,-1.0,1.0,1.0,-1.0,1.0,0.0085470085470085,-1.0,-1.0,0.0,-1.0,0.0,-1.0,-1.0,0.0,0.0,-1.0,0.0,-1.0,0.0,-1.0,-1.0,0.0,0.0098039215686274,-1.0,-1.0,-1.0,0.0224719101123596,-1.0,-1.0,-1.0,-1.0,-1.0,-1.0,0.0,-1.0,-1.0,0.0,-1.0,0.0,-1.0,0.0,0.0,-1.0,0.0,0.0,-1.0,-1.0,-1.0,-1.0,-1.0,-1.0,-1.0,-1.0,-1.0,-1.0,-1.0,0.0,-1.0,-1.0,0.0,-1.0,-1.0,-1.0,-1.0,-1.0,-1.0,-1.0,-1.0,0.01010101010101,-1.0,-1.0,-1.0,0.0,-1.0,0.0,-1.0,-1.0
0.0,-1.0,0.0,0.0,-1.0,1.0,1.0,-1.0,0.0,-1.0,0.0,0.0,-1.0,-1.0,-1.0,-1.0,-1.0,-1.0,-1.0,-1.0,-1.0,-1.0,-1.0,0.0,1.0,-1.0,-1.0,1.0,-1.0,0.0,-1.0,-1.0,-1.0,0.0,0.0,-1.0,0.0,0.0,-1.0,0.0,-1.0,0.0,-1.0,-1.0,0.0,0.0357142857142857,0.0,-1.0,-1.0,0.0,-1.0,-1.0,-1.0,0.4536082474226804,0.0,0.0,-1.0,-1.0,0.8166666666666667,-1.0,0.0,-1.0,-1.0,-1.0,-1.0,-1.0,-1.0,0.0,-1.0,-1.0,-1.0,-1.0,-1.0,-1.0,0.0,-1.0,-1.0,-1.0,-1.0,-1.0,-1.0,0.0,0.0,-1.0,-1.0,0.0,-1.0,-1.0,-1.0,-1.0,-1.0,-1.0,-1.0,0.0,-1.0,-1.0,-1.0,0.0,0.0,0.0109890109890109
-1.0,0.0,-1.0,-1.0,-1.0,-1.0,-1.0,-1.0,-1.0,1.0,0.0,0.0,0.0,-1.0,-1.0,-1.0,0.0,0.0,-1.0,-1.0,-1.0,0.0,-1.0,-1.0,1.0,1.0,-1.0,-1.0,0.0,-1.0,-1.0,0.0,0.0,-1.0,-1.0,0.0,-1.0,0.0,-1.0,0.0086206896551723,-1.0,-1.0,-1.0,0.0,-1.0,-1.0,-1.0,-1.0,0.0106382978723403,0.0113636363636363,-1.0,-1.0,-1.0,-1.0,-1.0,0.0,-1.0,-1.0,-1.0,0.0,-1.0,-1.0,0.0416666666666666,0.0,0.0,0.0,-1.0,0.0,-1.0,-1.0,0.0,-1.0,-1.0,-1.0,0.0,-1.0,-1.0,-1.0,0.0,-1.0,-1.0,-1.0,0.0,-1.0,-1.0,0.0,-1.0,0.0,-1.0,-1.0,-1.0,0.0,-1.0,0.0,-1.0,-1.0,-1.0,-1.0,0.0,0.0
-1.0,-1.0,0.0,-1.0,-1.0,-1.0,-1.0,0.0,-1.0,-1.0,-1.0,-1.0,0.0,-1.0,0.0,-1.0,0.0,0.0096153846153845,0.0,0.0344827586206896,-1.0,-1.0,-1.0,0.0,-1.0,1.0,-1.0,-1.0,0.0224719101123596,-1.0,0.0,0.0,0.0,-1.0,-1.0,-1.0,0.0,0.0,-1.0,0.018348623853211,-1.0,-1.0,0.0,-1.0,-1.0,-1.0,-1.0,0.0,0.0084745762711864,0.024390243902439,0.0084745762711864,-1.0,-1.0,-1.0,-1.0,-1.0,-1.0,0.0,-1.0,-1.0,0.0,0.0,-1.0,0.0210526315789473,0.0,-1.0,-1.0,-1.0,-1.0,-1.0,-1.0,0.0,0.0701754385964912,0.0,-1.0,0.0,-1.0,0.0,-1.0,0.0,0.0,0.0,0.0,-1.0,-1.0,0.0,-1.0,0.0,-1.0,-1.0,-1.0,0.0,-1.0,0.0,-1.0,0.0,-1.0,-1.0,-1.0,-1.0
0.0,-1.0,-1.0,0.0,-1.0,-1.0,1.0,-1.0,0.0,1.0,0.0,-1.0,0.0,-1.0,-1.0,-1.0,0.0,-1.0,0.0,-1.0,-1.0,-1.0,-1.0,0.0,-1.0,1.0,1.0,-1.0,0.0087719298245614,-1.0,0.0,-1.0,0.0,-1.0,-1.0,-1.0,0.0,0.0,0.0,-1.0,1.0,-1.0,-1.0,-1.0,-1.0,-1.0,-1.0,0.0,-1.0,0.0,-1.0,0.0,1.0,-1.0,-1.0,-1.0,-1.0,0.0,-1.0,-1.0,0.0,-1.0,-1.0,-1.0,0.0,-1.0,-1.0,-1.0,-1.0,-1.0,-1.0,0.0,-1.0,0.0,-1.0,-1.0,-1.0,-1.0,-1.0,-1.0,-1.0,0.0,0.0,-1.0,0.0,-1.0,-1.0,-1.0,-1.0,0.0,-1.0,-1.0,-1.0,-1.0,0.0,-1.0,-1.0,-1.0,0.0,-1.0
-1.0,-1.0,0.0,-1.0,-1.0,-1.0,1.0,-1.0,0.0,1.0,-1.0,-1.0,1.0,-1.0,0.0,-1.0,-1.0,0.0,0.0,0.0265486725663717,0.0,-1.0,-1.0,-1.0,-1.0,-1.0,1.0,-1.0,-1.0,-1.0,0.0,-1.0,0.0,-1.0,-1.0,-1.0,-1.0,0.0,-1.0,-1.0,-1.0,0.0,0.0,-1.0,-1.0,-1.0,0.0,0.0,-1.0,-1.0,0.0,-1.0,-1.0,-1.0,-1.0,-1.0,0.0,0.0,0.8877551020408163,-1.0,-1.0,-1.0,-1.0,0.0099009900990099,-1.0,-1.0,-1.0,0.0,0.0,-1.0,0.0113636363636363,0.0113636363636363,-1.0,0.0113636363636363,-1.0,-1.0,-1.0,-1.0,-1.0,-1.0,-1.0,0.0,-1.0,0.0096153846153845,0.0,-1.0,0.0,-1.0,-1.0,0.0109890109890109,0.0439560439560439,0.0,0.0,-1.0,-1.0,0.0,-1.0,-1.0,-1.0,-1.0
0.0,0.0,-1.0,0.0,0.0,-1.0,-1.0,-1.0,0.0,1.0,-1.0,0.0,0.0,-1.0,0.0,0.0,0.0,0.0,0.0,0.018018018018018,-1.0,-1.0,0.0,-1.0,1.0,1.0,-1.0,1.0,0.0,0.0,0.0,0.0,0.0,0.0,-1.0,-1.0,-1.0,-1.0,0.0,0.0099009900990099,-1.0,-1.0,-1.0,0.0,-1.0,0.0,-1.0,-1.0,-1.0,-1.0,-1.0,-1.0,1.0,-1.0,-1.0,-1.0,-1.0,0.0,0.9130434782608696,0.0,-1.0,0.0,-1.0,-1.0,0.0,0.0,-1.0,0.0,0.0,1.0,-1.0,-1.0,0.0642201834862384,0.0,0.0,-1.0,-1.0,0.0,-1.0,-1.0,-1.0,-1.0,0.0,0.0396039603960396,0.0,0.0,0.0,-1.0,0.0,-1.0,0.0568181818181817,-1.0,-1.0,-1.0,-1.0,0.0,1.0,0.0,-1.0,-1.0
-1.0,0.0,0.0,-1.0,0.0,-1.0,-1.0,-1.0,0.0,-1.0,-1.0,-1.0,0.0,0.0,-1.0,0.0,-1.0,0.0,-1.0,-1.0,0.0,-1.0,-1.0,0.0,1.0,-1.0,-1.0,1.0,0.0,-1.0,0.0,-1.0,-1.0,-1.0,0.0,-1.0,-1.0,0.0,-1.0,0.010204081632653,1.0,1.0,1.0,-1.0,-1.0,0.0510204081632652,0.0,0.0,-1.0,-1.0,-1.0,0.0,-1.0,-1.0,-1.0,-1.0,0.0,0.0,0.8983050847457628,0.0,0.0,0.0,-1.0,-1.0,-1.0,0.0,-1.0,-1.0,-1.0,-1.0,0.0,-1.0,-1.0,0.0,-1.0,0.0106382978723403,0.0,0.0,0.0,-1.0,-1.0,0.0,-1.0,-1.0,0.0267857142857143,-1.0,-1.0,0.0,-1.0,-1.0,0.0222222222222222,-1.0,-1.0,0.0,0.0,0.0,-1.0,0.0,0.0,-1.0
0.0,0.0,0.0,0.0,-1.0,-1.0,-1.0,0.0,0.0,-1.0,-1.0,0.0,-1.0,-1.0,-1.0,-1.0,0.0,-1.0,-1.0,-1.0,0.0,-1.0,-1.0,0.0,-1.0,1.0,-1.0,-1.0,-1.0,-1.0,0.0,0.0,-1.0,-1.0,0.0,0.0,0.0,0.0,0.0,-1.0,1.0,-1.0,0.0,0.0,0.0,-1.0,-1.0,-1.0,-1.0,0.0256410256410256,-1.0,-1.0,-1.0,-1.0,-1.0,0.0,0.0,-1.0,-1.0,-1.0,-1.0,-1.0,0.03,0.0106382978723403,-1.0,-1.0,-1.0,-1.0,0.0,-1.0,0.0,-1.0,-1.0,-1.0,-1.0,0.0,0.0,-1.0,-1.0,-1.0,-1.0,-1.0,-1.0,-1.0,-1.0,0.0,-1.0,-1.0,-1.0,-1.0,-1.0,-1.0,0.0,0.0,-1.0,0.0,-1.0,-1.0,-1.0,0.0
-1.0,-1.0,-1.0,-1.0,0.0,-1.0,-1.0,-1.0,0.0,-1.0,0.0,-1.0,-1.0,0.0,0.0,-1.0,0.0,-1.0,-1.0,0.0392156862745097,0.0,-1.0,0.0,-1.0,1.0,-1.0,-1.0,-1.0,-1.0,-1.0,0.0,-1.0,-1.0,0.0,0.0,-1.0,-1.0,-1.0,0.0,-1.0,-1.0,0.0,-1.0,-1.0,-1.0,-1.0,-1.0,-1.0,0.0,-1.0,-1.0,0.0,-1.0,-1.0,0.0,-1.0,0.0,0.0,-1.0,-1.0,0.0,0.0,0.0707070707070707,0.0106382978723403,-1.0,0.0,-1.0,-1.0,-1.0,1.0,-1.0,0.0,-1.0,0.0,-1.0,-1.0,-1.0,-1.0,-1.0,-1.0,0.0,0.0,-1.0,0.0106382978723403,-1.0,-1.0,0.0,-1.0,0.0,-1.0,-1.0,0.0,-1.0,0.0,-1.0,0.0,-1.0,0.0,0.0,0.01
0.0,-1.0,-1.0,-1.0,0.0,1.0,-1.0,-1.0,-1.0,1.0,-1.0,-1.0,0.0,0.0,0.0,-1.0,0.0,-1.0,-1.0,-1.0,-1.0,0.0,-1.0,-1.0,1.0,1.0,-1.0,1.0,0.0,0.0,-1.0,0.0,0.0,-1.0,-1.0,-1.0,0.0,-1.0,0.0,-1.0,-1.0,-1.0,-1.0,-1.0,0.0,0.031578947368421,-1.0,-1.0,0.0,-1.0,0.0,-1.0,-1.0,0.4895833333333333,0.0,-1.0,-1.0,-1.0,-1.0,-1.0,-1.0,-1.0,-1.0,-1.0,0.0,0.0,0.0,0.0,0.0,1.0,0.0,-1.0,-1.0,0.0,-1.0,-1.0,-1.0,-1.0,-1.0,0.0,0.0,-1.0,0.0,-1.0,-1.0,0.0,0.0,0.0,0.0,-1.0,-1.0,0.0,0.0,-1.0,0.009009009009009,0.0,-1.0,-1.0,-1.0,-1.0
-1.0,-1.0,-1.0,0.0,-1.0,-1.0,1.0,0.0,-1.0,-1.0,0.0,0.0,0.0,0.0,-1.0,-1.0,-1.0,-1.0,0.0,0.0196078431372549,0.0,-1.0,-1.0,-1.0,-1.0,1.0,1.0,1.0,0.0095238095238094,-1.0,-1.0,-1.0,0.0,-1.0,0.0,-1.0,-1.0,-1.0,-1.0,0.0194174757281553,-1.0,-1.0,-1.0,-1.0,0.0,-1.0,-1.0,-1.0,0.0098039215686274,-1.0,-1.0,0.0194174757281553,-1.0,0.4901960784313726,0.0,-1.0,0.0,0.0,-1.0,-1.0,0.0,0.0,-1.0,-1.0,-1.0,-1.0,0.0,-1.0,0.0,1.0,-1.0,0.0,-1.0,0.0,-1.0,-1.0,-1.0,-1.0,-1.0,0.0,0.0,0.0,0.0,-1.0,0.0,0.0,0.0,-1.0,0.0,-1.0,-1.0,-1.0,0.0,0.0,0.0,-1.0,-1.0,-1.0,-1.0,-1.0
0.0,0.0,0.0,-1.0,0.0,-1.0,-1.0,-1.0,-1.0,-1.0,0.0,-1.0,0.0,0.0,0.0,-1.0,0.0,0.0,0.0,-1.0,0.0,0.0,0.0,-1.0,1.0,-1.0,-1.0,-1.0,-1.0,-1.0,-1.0,0.0,-1.0,0.0,-1.0,0.0112359550561798,-1.0,0.0,-1.0,-1.0,-1.0,-1.0,-1.0,-1.0,-1.0,0.0,0.0,-1.0,0.0,0.0108695652173913,-1.0,-1.0,-1.0,-1.0,-1.0,-1.0,-1.0,0.01,0.9,-1.0,0.0,0.0,0.03,-1.0,-1.0,0.0,0.0,-1.0,-1.0,-1.0,0.0,-1.0,0.038095238095238,-1.0,-1.0,-1.0,0.0,0.0,0.0,-1.0,-1.0,-1.0,-1.0,-1.0,-1.0,-1.0,-1.0,-1.0,-1.0,0.0,0.1089108910891089,-1.0,-1.0,0.0,-1.0,0.0,-1.0,0.0,-1.0,-1.0
-1.0,-1.0,-1.0,-1.0,0.0,-1.0,-1.0,-1.0,-1.0,-1.0,-1.0,0.0,-1.0,0.0,-1.0,-1.0,-1.0,0.0,0.0120481927710843,-1.0,-1.0,-1.0,-1.0,0.0,1.0,1.0,-1.0,-1.0,0.0,0.0,-1.0,-1.0,0.0,-1.0,-1.0,-1.0,0.0,-1.0,-1.0,-1.0,1.0,0.0,0.0,0.0,-1.0,0.2857142857142857,-1.0,0.0,-1.0,-1.0,-1.0,0.0,1.0,0.4536082474226804,-1.0,0.0,-1.0,-1.0,-1.0,-1.0,0.0,0.0,0.0459770114942529,-1.0,0.0,0.0,-1.0,-1.0,0.0,-1.0,0.0,0.0,-1.0,-1.0,-1.0,-1.0,0.0,-1.0,-1.0,0.0,-1.0,0.0,-1.0,0.0092592592592593,-1.0,0.0,0.0,0.0,-1.0,-1.0,0.0747663551401869,0.0,-1.0,-1.0,0.0,-1.0,1.0,0.0,-1.0,-1.0
-1.0,0.0,-1.0,0.0,0.0,1.0,1.0,0.0,-1.0,1.0,0.0,-1.0,0.0,0.0,0.0103092783505154,0.009090909090909,-1.0,-1.0,-1.0,0.0272727272727272,-1.0,0.0,-1.0,0.0,-1.0,1.0,-1.0,-1.0,0.0,0.0,-1.0,0.0,-1.0,-1.0,-1.0,-1.0,-1.0,-1.0,0.0,-1.0,1.0,-1.0,-1.0,-1.0,0.0,0.0,0.0,-1.0,-1.0,0.0222222222222222,-1.0,0.0,-1.0,0.4432989690721649,-1.0,-1.0,-1.0,-1.0,0.9272727272727272,-1.0,-1.0,-1.0,0.0636363636363636,0.0,0.0,0.0,-1.0,-1.0,-1.0,1.0,0.0,-1.0,0.0439560439560439,0.0,-1.0,-1.0,0.0,-1.0,-1.0,0.0,-1.0,-1.0,-1.0,-1.0,1.0,-1.0,0.0,0.0,0.0,-1.0,-1.0,0.0,-1.0,-1.0,0.0,-1.0,-1.0,-1.0,0.0,-1.0
-1.0,-1.0,-1.0,-1.0,-1.0,1.0,-1.0,-1.0,0.0,-1.0,-1.0,-1.0,0.0,-1.0,-1.0,0.0,-1.0,-1.0,0.0,0.0283018867924528,-1.0,0.0,0.0114942528735632,0.0185185185185184,-1.0,-1.0,-1.0,1.0,0.0114942528735632,-1.0,-1.0,0.0,-1.0,-1.0,-1.0,-1.0,0.0,-1.0,-1.0,-1.0,1.0,0.0,0.0105263157894737,-1.0,-1.0,-1.0,-1.0,-1.0,-1.0,-1.0,0.0087719298245614,-1.0,-1.0,-1.0,-1.0,-1.0,0.0121951219512195,-1.0,0.9390243902439024,-1.0,-1.0,-1.0,-1.0,0.0092592592592593,-1.0,0.0,-1.0,-1.0,-1.0,1.0,0.0,-1.0,-1.0,0.0,0.0,-1.0,0.0,-1.0,-1.0,-1.0,-1.0,0.0,0.0,0.019047619047619,0.0,-1.0,-1.0,-1.0,-1.0,-1.0,-1.0,-1.0,-1.0,0.0,-1.0,0.0,-1.0,-1.0,0.0,-1.0
-1.0,0.0,0.0,-1.0,0.0,-1.0,1.0,-1.0,0.0,-1.0,-1.0,-1.0,0.0,-1.0,0.0,0.0,-1.0,-1.0,0.0,0.0476190476190476,-1.0,-1.0,-1.0,-1.0,-1.0,-1.0,1.0,1.0,-1.0,-1.0,-1.0,0.0,0.0,-1.0,-1.0,0.0,-1.0,0.0,-1.0,-1.0,-1.0,-1.0,-1.0,-1.0,0.0,-1.0,0.0,-1.0,-1.0,-1.0,-1.0,-1.0,1.0,0.5,-1.0,-1.0,-1.0,-1.0,-1.0,0.0,-1.0,-1.0,-1.0,0.0098039215686274,-1.0,-1.0,-1.0,-1.0,0.0,-1.0,-1.0,-1.0,-1.0,-1.0,-1.0,-1.0,-1.0,-1.0,-1.0,-1.0,-1.0,-1.0,0.0,0.0434782608695651,-1.0,-1.0,-1.0,-1.0,-1.0,-1.0,-1.0,-1.0,-1.0,-1.0,-1.0,-1.0,-1.0,-1.0,-1.0,0.0
0.0,-1.0,-1.0,-1.0,-1.0,1.0,-1.0,0.0,-1.0,1.0,-1.0,-1.0,-1.0,-1.0,0.0,0.0,-1.0,-1.0,0.0,0.054054054054054,-1.0,-1.0,-1.0,-1.0,-1.0,-1.0,1.0,-1.0,0.0114942528735632,-1.0,0.0,-1.0,-1.0,-1.0,-1.0,-1.0,-1.0,-1.0,0.0212765957446808,-1.0,1.0,0.0,0.0,-1.0,0.0,-1.0,-1.0,-1.0,0.0212765957446808,0.0109890109890109,0.0,0.0,-1.0,-1.0,0.0,0.0,-1.0,-1.0,0.8924731182795699,-1.0,-1.0,-1.0,-1.0,-1.0,0.0,-1.0,0.0,0.0,-1.0,-1.0,0.0,-1.0,0.0388349514563106,0.0,-1.0,-1.0,0.0,0.0,0.0,-1.0,0.0,0.0,-1.0,-1.0,-1.0,0.0,0.0,0.0,-1.0,-1.0,0.0989010989010988,-1.0,-1.0,-1.0,-1.0,-1.0,-1.0,-1.0,-1.0,0.0
-1.0,-1.0,-1.0,-1.0,-1.0,1.0,1.0,-1.0,0.0,-1.0,-1.0,-1.0,-1.0,-1.0,-1.0,1.0,-1.0,1.0,1.0,1.0,1.0,-1.0,1.0,-1.0,-1.0,1.0,-1.0,1.0,0.0163934426229508,0.0,0.0,-1.0,-1.0,0.0081967213114754,0.0,0.0,-1.0,-1.0,0.0,-1.0,-1.0,0.0,-1.0,-1.0,-1.0,-1.0,-1.0,0.0,0.0,0.021978021978022,-1.0,0.021978021978022,-1.0,-1.0,-1.0,0.0,0.0,0.0,-1.0,-1.0,0.0,-1.0,-1.0,-1.0,-1.0,-1.0,-1.0,-1.0,0.0,-1.0,-1.0,0.0095238095238094,-1.0,-1.0,-1.0,-1.0,-1.0,0.0,-1.0,0.0,0.0206185567010309,0.0,-1.0,-1.0,-1.0,-1.0,0.0,-1.0,0.0,-1.0,-1.0,-1.0,-1.0,-1.0,0.0,0.0,-1.0,-1.0,-1.0,-1.0
-1.0,0.0,0.0,-1.0,0.0,-1.0,-1.0,-1.0,0.0,-1.0,-1.0,-1.0,0.0,0.0,0.0,-1.0,-1.0,0.0,0.0,0.018018018018018,0.0,0.0,-1.0,-1.0,-1.0,-1.0,1.0,1.0,-1.0,-1.0,0.0,-1.0,-1.0,-1.0,0.0,-1.0,-1.0,-1.0,-1.0,-1.0,1.0,0.0,0.0,-1.0,-1.0,-1.0,-1.0,0.0,-1.0,-1.0,-1.0,-1.0,1.0,-1.0,-1.0,0.0,0.0,-1.0,0.8415841584158416,-1.0,0.0,0.0,-1.0,-1.0,-1.0,-1.0,-1.0,0.0,0.0,-1.0,-1.0,-1.0,-1.0,-1.0,0.0,0.0,-1.0,-1.0,0.0,-1.0,-1.0,-1.0,-1.0,0.0508474576271186,-1.0,-1.0,-1.0,-1.0,-1.0,0.0,0.073394495412844,0.0,0.0,0.0,-1.0,-1.0,1.0,-1.0,-1.0,-1.0
-1.0,-1.0,0.0,0.0,0.0,-1.0,-1.0,0.0,0.0,-1.0,-1.0,0.0,-1.0,-1.0,-1.0,-1.0,0.0,0.0,-1.0,0.0202020202020202,0.0,-1.0,-1.0,0.0,1.0,-1.0,1.0,1.0,-1.0,0.0,-1.0,-1.0,-1.0,-1.0,-1.0,-1.0,0.0,0.0,0.0,-1.0,-1.0,0.0,0.0,-1.0,0.0,-1.0,-1.0,0.0,0.0105263157894737,-1.0,-1.0,0.0,-1.0,-1.0,0.0,0.0,0.0,-1.0,0.8282828282828283,-1.0,-1.0,-1.0,0.0303030303030302,-1.0,0.0,-1.0,-1.0,0.0,0.0,-1.0,0.0,-1.0,-1.0,-1.0,-1.0,0.0,0.0,-1.0,0.0,-1.0,0.0,-1.0,-1.0,0.0185185185185184,0.1764705882352941,0.0,-1.0,-1.0,-1.0,0.0,0.102803738317757,-1.0,-1.0,0.0,0.0,-1.0,1.0,-1.0,0.0,-1.0
-1.0,-1.0,-1.0,-1.0,0.0,-1.0,1.0,-1.0,-1.0,-1.0,-1.0,0.0,-1.0,-1.0,-1.0,0.0,0.0,-1.0,0.0,0.0632911392405063,-1.0,-1.0,0.0,-1.0,-1.0,-1.0,1.0,-1.0,0.0,0.0,-1.0,0.0,0.0,-1.0,0.0,-1.0,0.0,-1.0,-1.0,0.0,-1.0,0.0,-1.0,-1.0,-1.0,-1.0,-1.0,0.0,0.0086206896551723,-1.0,-1.0,-1.0,-1.0,0.4827586206896551,-1.0,-1.0,0.0,-1.0,0.9245283018867924,0.0085470085470085,0.0,-1.0,0.0283018867924528,0.0,0.0,0.0,0.0,-1.0,0.0,-1.0,-1.0,-1.0,-1.0,0.0,-1.0,-1.0,0.0,-1.0,-1.0,0.0,0.0,0.0,-1.0,0.0198019801980198,-1.0,0.0,0.0,-1.0,0.0,-1.0,0.0776699029126213,-1.0,-1.0,-1.0,-1.0,-1.0,1.0,0.0,0.0,0.0
-1.0,0.0,-1.0,-1.0,-1.0,1.0,1.0,-1.0,0.0,1.0,-1.0,0.0,-1.0,0.0,0.0,0.0,-1.0,-1.0,-1.0,-1.0,-1.0,0.0,-1.0,0.0,1.0,-1.0,-1.0,-1.0,-1.0,-1.0,-1.0,0.0,0.0,-1.0,0.0,-1.0,0.0,-1.0,-1.0,0.0106382978723403,1.0,-1.0,-1.0,-1.0,-1.0,0.0319148936170212,-1.0,0.0,0.01,-1.0,-1.0,0.0098039215686274,-1.0,-1.0,-1.0,0.0,0.0,0.0,0.8476190476190476,0.0,0.0,-1.0,0.0476190476190476,0.0,0.0,-1.0,-1.0,0.0,-1.0,-1.0,-1.0,-1.0,-1.0,-1.0,0.0,0.0,-1.0,-1.0,0.0,-1.0,-1.0,-1.0,-1.0,-1.0,-1.0,-1.0,-1.0,-1.0,0.0,-1.0,-1.0,0.0,-1.0,0.0,-1.0,-1.0,1.0,-1.0,0.0,0.0
-1.0,-1.0,0.0,-1.0,0.0,-1.0,1.0,-1.0,0.0,1.0,0.0,-1.0,0.0,-1.0,-1.0,1.0,0.0,-1.0,-1.0,0.0106382978723403,-1.0,-1.0,-1.0,-1.0,-1.0,1.0,1.0,-1.0,-1.0,-1.0,0.01010101010101,-1.0,-1.0,-1.0,-1.0,-1.0,0.9797979797979798,-1.0,0.9270833333333334,-1.0,-1.0,-1.0,-1.0,-1.0,0.96875,-1.0,-1.0,-1.0,-1.0,-1.0,-1.0,0.8181818181818181,1.0,0.5833333333333333,0.0,-1.0,0.0,0.0075187969924812,1.0,1.0,-1.0,-1.0,0.0150375939849624,-1.0,-1.0,-1.0,0.0,0.9759036144578314,-1.0,1.0,0.1386138613861386,-1.0,-1.0,-1.0,0.0,0.010204081632653,-1.0,-1.0,0.0,0.0,-1.0,-1.0,0.0088495575221239,0.5673076923076923,-1.0,-1.0,0.9646017699115044,-1.0,0.0,0.9509803921568628,-1.0,-1.0,-1.0,-1.0,0.9901960784313726,-1.0,1.0,1.0,-1.0,0.0
0.0,-1.0,-1.0,-1.0,-1.0,-1.0,-1.0,-1.0,-1.0,1.0,-1.0,-1.0,-1.0,0.0,-1.0,-1.0,1.0,-1.0,1.0,1.0,-1.0,-1.0,-1.0,-1.0,1.0,-1.0,-1.0,-1.0,0.0099009900990099,-1.0,-1.0,0.0,-1.0,-1.0,0.0,-1.0,-1.0,-1.0,-1.0,0.0198019801980198,1.0,-1.0,-1.0,-1.0,-1.0,-1.0,-1.0,0.0,0.009090909090909,-1.0,-1.0,-1.0,1.0,-1.0,-1.0,0.0,0.0,-1.0,0.9494949494949496,-1.0,-1.0,-1.0,-1.0,0.0,-1.0,-1.0,0.0,-1.0,-1.0,-1.0,0.0,0.0,-1.0,0.0,-1.0,-1.0,-1.0,0.0,0.0,-1.0,0.0,-1.0,-1.0,0.0204081632653061,0.0,-1.0,0.0,-1.0,0.0,-1.0,0.0884955752212389,-1.0,-1.0,-1.0,-1.0,0.0,-1.0,-1.0,0.0,-1.0
0.0,0.0,-1.0,-1.0,0.0,1.0,-1.0,-1.0,-1.0,1.0,-1.0,0.0,0.0,-1.0,-1.0,-1.0,-1.0,-1.0,-1.0,-1.0,-1.0,-1.0,-1.0,-1.0,1.0,-1.0,-1.0,1.0,-1.0,0.0,0.0,0.0,0.0,0.0,0.0,0.0,-1.0,-1.0,-1.0,-1.0,1.0,-1.0,-1.0,-1.0,-1.0,-1.0,-1.0,0.0,-1.0,-1.0,-1.0,-1.0,-1.0,0.4651162790697675,-1.0,-1.0,0.0,0.0,-1.0,0.0,0.0104166666666666,-1.0,0.0416666666666666,0.0,0.0,-1.0,0.0,0.0,-1.0,1.0,-1.0,-1.0,-1.0,0.0,0.0,-1.0,-1.0,0.0,0.0,0.0,-1.0,-1.0,-1.0,-1.0,-1.0,0.0,0.0,-1.0,0.0,0.0,0.0543478260869565,-1.0,-1.0,-1.0,-1.0,0.0,1.0,-1.0,0.0,0.0
-1.0,-1.0,-1.0,0.0,0.0,-1.0,1.0,0.0,-1.0,-1.0,0.0,0.0,0.0,-1.0,-1.0,0.0045871559633027,0.0,-1.0,0.0,-1.0,-1.0,0.0,0.0,-1.0,-1.0,1.0,-1.0,1.0,-1.0,-1.0,-1.0,-1.0,0.0,0.0,-1.0,0.0,-1.0,0.0,0.0,0.0054644808743169,-1.0,-1.0,-1.0,-1.0,0.0047619047619047,-1.0,-1.0,0.0,-1.0,0.0048780487804878,-1.0,0.0048780487804878,-1.0,0.4857142857142857,0.0,-1.0,0.0,0.0,-1.0,-1.0,0.0,-1.0,0.0251256281407035,-1.0,-1.0,0.0,-1.0,-1.0,-1.0,1.0,-1.0,-1.0,0.0372340425531915,-1.0,-1.0,0.0,0.0,0.0,-1.0,0.0,-1.0,-1.0,-1.0,-1.0,0.4574468085106383,-1.0,-1.0,0.0,-1.0,-1.0,0.0892018779342722,-1.0,0.0,-1.0,-1.0,0.0,-1.0,0.0,0.0,-1.0
0.0,-1.0,-1.0,-1.0,-1.0,-1.0,-1.0,-1.0,-1.0,-1.0,-1.0,-1.0,-1.0,-1.0,-1.0,0.01010101010101,-1.0,0.0,0.0,-1.0,0.0,0.0,0.0097087378640776,0.0,1.0,-1.0,-1.0,-1.0,-1.0,-1.0,-1.0,-1.0,0.0,0.0,-1.0,-1.0,-1.0,0.0,-1.0,0.0306122448979592,1.0,-1.0,0.0,-1.0,-1.0,-1.0,-1.0,-1.0,-1.0,-1.0,-1.0,-1.0,-1.0,0.4949494949494949,-1.0,-1.0,0.0,-1.0,0.8777777777777778,0.0,0.0,-1.0,0.0444444444444444,0.0,0.0,-1.0,-1.0,-1.0,-1.0,-1.0,-1.0,0.0,0.0416666666666666,-1.0,0.0,0.0,-1.0,-1.0,-1.0,0.0,-1.0,-1.0,0.0,-1.0,-1.0,0.0,0.0,-1.0,0.0,-1.0,0.1226415094339622,-1.0,-1.0,-1.0,0.0,-1.0,-1.0,0.0,-1.0,-1.0
0.0,0.0,-1.0,0.0,-1.0,-1.0,1.0,-1.0,-1.0,-1.0,0.0,0.0,0.0,-1.0,0.0,-1.0,0.0,-1.0,-1.0,0.0373831775700934,0.0,-1.0,-1.0,0.0,1.0,-1.0,-1.0,-1.0,-1.0,-1.0,-1.0,-1.0,0.0,0.0,0.0,-1.0,0.0,-1.0,0.0,-1.0,1.0,-1.0,0.0,-1.0,-1.0,-1.0,0.0,-1.0,-1.0,0.0,-1.0,-1.0,-1.0,-1.0,-1.0,-1.0,-1.0,0.0,0.8727272727272728,-1.0,-1.0,0.0,0.0272727272727272,-1.0,-1.0,0.0,-1.0,0.0,-1.0,1.0,-1.0,0.0,-1.0,-1.0,0.0,-1.0,-1.0,0.0,-1.0,0.0,0.0,0.0,-1.0,0.011111111111111,-1.0,0.0,0.0,-1.0,0.0,0.0,-1.0,-1.0,-1.0,-1.0,0.0,0.0,-1.0,-1.0,-1.0,0.0
0.0,0.0,-1.0,-1.0,-1.0,1.0,-1.0,-1.0,-1.0,1.0,0.0,0.0,-1.0,-1.0,-1.0,-1.0,-1.0,-1.0,-1.0,0.0476190476190476,-1.0,-1.0,-1.0,0.0,-1.0,-1.0,-1.0,-1.0,-1.0,0.0,-1.0,0.0,-1.0,0.0,-1.0,-1.0,-1.0,0.0,0.0,-1.0,-1.0,-1.0,0.0,0.0,0.010752688172043,0.0,-1.0,-1.0,-1.0,-1.0,0.0,0.0,-1.0,-1.0,-1.0,0.0,0.0,-1.0,0.8888888888888888,0.0,0.0,-1.0,-1.0,0.0,-1.0,0.0,-1.0,-1.0,-1.0,1.0,0.0,-1.0,0.0695652173913043,-1.0,-1.0,-1.0,-1.0,-1.0,0.0,-1.0,-1.0,-1.0,-1.0,-1.0,-1.0,0.0,0.0,-1.0,0.0,0.0,-1.0,-1.0,-1.0,-1.0,-1.0,-1.0,-1.0,0.0,-1.0,0.0
0.0,-1.0,-1.0,0.0,0.0,-1.0,1.0,-1.0,0.0,-1.0,0.0,-1.0,-1.0,0.0,-1.0,0.0,0.0,0.0,-1.0,-1.0,-1.0,-1.0,-1.0,0.0,-1.0,-1.0,1.0,1.0,-1.0,-1.0,-1.0,0.0,0.0,-1.0,0.0,0.0,0.0,0.0,-1.0,0.0202020202020202,-1.0,-1.0,-1.0,-1.0,0.0,0.0,-1.0,-1.0,-1.0,0.0206185567010309,0.0,-1.0,1.0,-1.0,-1.0,0.0,-1.0,0.0,0.8541666666666666,-1.0,0.0,-1.0,0.03125,0.0,-1.0,-1.0,-1.0,0.0,-1.0,1.0,-1.0,-1.0,-1.0,-1.0,0.0,-1.0,0.0,-1.0,0.0,-1.0,-1.0,0.0,-1.0,-1.0,0.0,-1.0,0.0,-1.0,-1.0,-1.0,0.0816326530612244,-1.0,-1.0,0.0,-1.0,0.0,-1.0,0.0,0.0089285714285713,0.0
0.0,-1.0,-1.0,-1.0,-1.0,1.0,1.0,0.0,-1.0,-1.0,0.0,-1.0,0.0,0.0,-1.0,-1.0,0.0,0.0,-1.0,0.0625,-1.0,-1.0,-1.0,-1.0,1.0,-1.0,1.0,1.0,-1.0,-1.0,-1.0,-1.0,0.0,-1.0,-1.0,0.0,-1.0,0.0,-1.0,-1.0,1.0,-1.0,-1.0,0.0,-1.0,-1.0,-1.0,-1.0,0.0,0.011111111111111,0.0,-1.0,-1.0,0.4661016949152542,0.0,0.0,0.0,0.0,0.8514851485148515,-1.0,0.0,0.0,0.0297029702970297,0.0,-1.0,-1.0,0.0,-1.0,-1.0,-1.0,0.0,0.0,0.0869565217391304,-1.0,-1.0,0.0,-1.0,0.0,-1.0,-1.0,-1.0,0.0,0.0,-1.0,0.0,-1.0,0.0,-1.0,0.0,0.0093457943925233,-1.0,-1.0,0.0,-1.0,-1.0,-1.0,-1.0,-1.0,-1.0,-1.0
-1.0,0.0,0.0,0.0,-1.0,-1.0,1.0,0.0,-1.0,-1.0,-1.0,-1.0,0.0,-1.0,-1.0,-1.0,-1.0,-1.0,-1.0,-1.0,0.0,0.0,-1.0,-1.0,1.0,1.0,1.0,-1.0,0.0,0.0,-1.0,0.0,-1.0,-1.0,0.0,0.0103092783505154,0.0,0.0,-1.0,0.0,1.0,-1.0,-1.0,-1.0,-1.0,-1.0,0.0093457943925233,-1.0,-1.0,-1.0,0.0,-1.0,-1.0,-1.0,0.0,-1.0,0.0,-1.0,-1.0,-1.0,-1.0,0.0,-1.0,-1.0,-1.0,-1.0,-1.0,-1.0,-1.0,1.0,-1.0,-1.0,-1.0,-1.0,-1.0,0.0,-1.0,0.0,0.0,-1.0,0.0,0.0,-1.0,-1.0,-1.0,-1.0,-1.0,0.0,-1.0,-1.0,-1.0,0.0,-1.0,0.0,-1.0,-1.0,-1.0,-1.0,-1.0,0.0
0.0,-1.0,-1.0,0.0,-1.0,-1.0,-1.0,-1.0,0.0,-1.0,-1.0,-1.0,0.0,-1.0,0.0,0.0,-1.0,0.0,-1.0,-1.0,-1.0,-1.0,0.0,-1.0,-1.0,-1.0,-1.0,1.0,-1.0,0.0,-1.0,-1.0,-1.0,0.0,0.0,-1.0,0.0,0.0,-1.0,-1.0,-1.0,-1.0,0.0,0.0,-1.0,0.0,-1.0,0.0,-1.0,-1.0,0.0,0.0,-1.0,-1.0,-1.0,-1.0,-1.0,0.0,-1.0,-1.0,-1.0,-1.0,-1.0,0.0,0.0,-1.0,-1.0,-1.0,0.0,-1.0,-1.0,0.0,0.0462962962962962,0.0,0.0,-1.0,0.0,-1.0,0.0,-1.0,-1.0,-1.0,-1.0,-1.0,-1.0,0.0,0.0,0.008130081300813,-1.0,-1.0,0.0594059405940594,-1.0,-1.0,-1.0,-1.0,0.0,1.0,-1.0,0.0,0.01010101010101
-1.0,-1.0,-1.0,0.03,-1.0,-1.0,-1.0,-1.0,-1.0,-1.0,0.0162601626016259,0.0693069306930692,-1.0,-1.0,-1.0,-1.0,-1.0,0.040650406504065,-1.0,-1.0,-1.0,-1.0,-1.0,0.037037037037037,1.0,-1.0,-1.0,1.0,-1.0,0.037037037037037,-1.0,0.0526315789473684,0.063157894736842,-1.0,-1.0,-1.0,-1.0,-1.0,-1.0,-1.0,1.0,0.0545454545454545,0.0727272727272727,0.0363636363636363,-1.0,-1.0,0.0272727272727272,-1.0,-1.0,-1.0,0.04,0.1263157894736841,1.0,-1.0,0.1052631578947368,0.063157894736842,-1.0,0.0714285714285714,-1.0,-1.0,-1.0,-1.0,0.1071428571428571,-1.0,0.0,-1.0,-1.0,-1.0,-1.0,-1.0,-1.0,0.0927835051546391,-1.0,0.0824742268041237,-1.0,-1.0,-1.0,-1.0,0.017391304347826,0.1466666666666666,-1.0,0.0888888888888889,-1.0,-1.0,0.2133333333333333,0.0,-1.0,-1.0,0.0952380952380952,-1.0,-1.0,-1.0,-1.0,0.0285714285714285,0.0666666666666666,-1.0,-1.0,-1.0,-1.0,-1.0
-1.0,-1.0,-1.0,0.0,-1.0,1.0,1.0,-1.0,0.0,1.0,-1.0,-1.0,0.0,-1.0,-1.0,-1.0,0.0,-1.0,-1.0,-1.0,-1.0,-1.0,-1.0,0.0,-1.0,1.0,1.0,-1.0,-1.0,-1.0,-1.0,0.0,-1.0,0.0,-1.0,0.0,0.0,-1.0,-1.0,-1.0,-1.0,0.0,0.0,-1.0,-1.0,0.0526315789473684,-1.0,-1.0,-1.0,-1.0,-1.0,-1.0,-1.0,-1.0,0.0,-1.0,-1.0,-1.0,0.9130434782608696,-1.0,-1.0,0.0,0.0695652173913043,-1.0,0.0,-1.0,-1.0,0.0,-1.0,-1.0,0.0,-1.0,0.0645161290322581,-1.0,0.0,-1.0,-1.0,0.0,0.0,-1.0,-1.0,0.0,-1.0,-1.0,-1.0,0.0,-1.0,-1.0,0.0,0.0,0.1203703703703703,0.0,-1.0,-1.0,0.0,-1.0,-1.0,-1.0,-1.0,-1.0
-1.0,-1.0,-1.0,-1.0,0.0,-1.0,1.0,0.0,0.0,-1.0,-1.0,-1.0,-1.0,-1.0,-1.0,-1.0,-1.0,-1.0,-1.0,-1.0,0.0,-1.0,-1.0,0.0,-1.0,1.0,-1.0,-1.0,-1.0,0.0,0.0,0.0,-1.0,0.0,0.0,0.0,0.0,0.0,0.0103092783505154,-1.0,-1.0,-1.0,-1.0,-1.0,-1.0,0.0175438596491228,-1.0,0.4020618556701031,-1.0,-1.0,-1.0,-1.0,-1.0,-1.0,0.0,-1.0,-1.0,0.0,-1.0,-1.0,-1.0,-1.0,0.0454545454545454,-1.0,-1.0,0.0,-1.0,0.0,0.0,-1.0,-1.0,0.0,0.0660377358490565,-1.0,0.0,-1.0,-1.0,0.0,-1.0,0.0,0.0,0.0,-1.0,0.0347826086956521,0.0,-1.0,-1.0,-1.0,-1.0,-1.0,0.0743801652892561,-1.0,-1.0,-1.0,-1.0,-1.0,-1.0,-1.0,0.0,-1.0
0.0,-1.0,0.0,0.0,-1.0,1.0,-1.0,-1.0,-1.0,-1.0,-1.0,-1.0,-1.0,-1.0,-1.0,-1.0,-1.0,0.0,-1.0,0.0427350427350426,-1.0,-1.0,-1.0,-1.0,1.0,-1.0,-1.0,-1.0,-1.0,-1.0,0.0,-1.0,0.0,-1.0,-1.0,0.0,-1.0,-1.0,-1.0,-1.0,1.0,-1.0,0.0,-1.0,0.0,-1.0,-1.0,-1.0,-1.0,-1.0,-1.0,-1.0,1.0,-1.0,0.0,0.0,0.0,0.0,-1.0,-1.0,-1.0,-1.0,0.0392156862745097,0.0114942528735632,-1.0,0.0,0.0,0.0,-1.0,1.0,-1.0,0.0,0.1428571428571429,-1.0,0.0,0.0,-1.0,-1.0,0.0175438596491228,-1.0,-1.0,0.0,0.0,-1.0,-1.0,-1.0,-1.0,-1.0,0.0,0.0,-1.0,0.009009009009009,-1.0,-1.0,-1.0,0.0,1.0,-1.0,-1.0,-1.0
-1.0,0.0,-1.0,-1.0,-1.0,-1.0,-1.0,-1.0,-1.0,1.0,-1.0,0.0,-1.0,-1.0,-1.0,-1.0,-1.0,0.0,-1.0,-1.0,-1.0,0.0,0.0,0.0,1.0,1.0,1.0,1.0,0.0,-1.0,0.0,-1.0,-1.0,0.0,-1.0,-1.0,-1.0,0.0,0.0104166666666666,-1.0,-1.0,-1.0,0.0,0.0,-1.0,0.0319148936170212,0.0106382978723403,-1.0,0.0,-1.0,0.0,-1.0,-1.0,-1.0,0.0091743119266054,0.0458715596330274,-1.0,0.0,-1.0,0.0,-1.0,0.0,0.044642857142857,0.0,0.0,0.0,-1.0,-1.0,-1.0,-1.0,-1.0,-1.0,-1.0,-1.0,0.0,0.0,-1.0,-1.0,-1.0,0.0,0.0,-1.0,-1.0,0.010752688172043,-1.0,0.0,-1.0,-1.0,0.0,-1.0,0.032258064516129,0.010752688172043,0.0,0.0,-1.0,0.0,-1.0,0.0,0.0,-1.0
-1.0,0.0,0.0,-1.0,-1.0,1.0,-1.0,0.0,0.0,1.0,-1.0,0.0,-1.0,-1.0,0.0,0.0,-1.0,-1.0,0.0,-1.0,-1.0,-1.0,0.0,-1.0,1.0,1.0,1.0,1.0,0.0,0.0,-1.0,-1.0,0.0,0.0,0.0,-1.0,0.0,0.0,0.0,-1.0,-1.0,0.0,-1.0,-1.0,-1.0,-1.0,-1.0,-1.0,0.0,-1.0,-1.0,-1.0,-1.0,-1.0,-1.0,-1.0,-1.0,-1.0,0.8571428571428572,-1.0,-1.0,-1.0,0.0329670329670329,-1.0,-1.0,-1.0,-1.0,-1.0,0.0,-1.0,-1.0,-1.0,0.09375,0.0,-1.0,-1.0,-1.0,0.0,-1.0,0.0,-1.0,-1.0,-1.0,-1.0,0.0,-1.0,0.0,0.0,0.0,-1.0,-1.0,-1.0,-1.0,-1.0,0.0,0.0,1.0,-1.0,-1.0,0.0
0.0,0.0,0.0,-1.0,-1.0,-1.0,-1.0,0.0,0.0,1.0,0.0,-1.0,-1.0,-1.0,0.0,-1.0,0.0,-1.0,-1.0,-1.0,-1.0,0.0,-1.0,0.0,1.0,-1.0,1.0,1.0,0.0,-1.0,0.0,0.0,-1.0,0.0,0.0,-1.0,-1.0,-1.0,-1.0,0.0104166666666666,-1.0,-1.0,-1.0,0.0,-1.0,-1.0,0.0104166666666666,0.0,-1.0,0.0,-1.0,-1.0,-1.0,-1.0,0.0,-1.0,-1.0,-1.0,-1.0,-1.0,-1.0,0.0,0.0625,0.0,-1.0,0.0,-1.0,-1.0,-1.0,-1.0,-1.0,-1.0,0.0526315789473684,-1.0,0.0,0.0,-1.0,-1.0,-1.0,0.0,-1.0,-1.0,0.0,0.0495049504950495,-1.0,-1.0,-1.0,0.0,0.0,-1.0,-1.0,-1.0,-1.0,-1.0,-1.0,0.0,-1.0,0.0,-1.0,-1.0
-1.0,0.0,0.0283018867924528,-1.0,-1.0,-1.0,1.0,-1.0,-1.0,1.0,0.0,-1.0,0.0,-1.0,-1.0,-1.0,0.010204081632653,0.0,-1.0,-1.0,-1.0,0.010204081632653,0.0196078431372549,-1.0,-1.0,1.0,-1.0,-1.0,0.0098039215686274,-1.0,0.0114942528735632,-1.0,-1.0,0.0,-1.0,-1.0,0.0,0.0,0.0283018867924528,-1.0,-1.0,0.0,-1.0,0.009090909090909,-1.0,0.0272727272727272,-1.0,0.0,-1.0,-1.0,-1.0,-1.0,-1.0,0.4056603773584906,-1.0,-1.0,0.0,0.0265486725663717,-1.0,-1.0,-1.0,-1.0,-1.0,-1.0,-1.0,-1.0,0.0088495575221239,0.0,-1.0,1.0,-1.0,0.0188679245283018,-1.0,0.0188679245283018,0.0188679245283018,-1.0,0.0103092783505154,0.0,0.0113636363636363,0.010204081632653,-1.0,-1.0,0.0,-1.0,-1.0,-1.0,0.0,0.010204081632653,-1.0,0.0,-1.0,0.0,-1.0,0.0,0.0095238095238094,-1.0,-1.0,-1.0,-1.0,0.0105263157894737
-1.0,-1.0,-1.0,0.0,0.0,1.0,-1.0,0.0,0.0,1.0,-1.0,0.0,-1.0,-1.0,0.0,-1.0,-1.0,-1.0,-1.0,-1.0,-1.0,-1.0,-1.0,0.0,1.0,1.0,-1.0,-1.0,0.0113636363636363,-1.0,0.0,-1.0,-1.0,0.0,-1.0,-1.0,0.0,-1.0,-1.0,0.0094339622641509,-1.0,-1.0,-1.0,-1.0,0.0,0.0377358490566037,0.0,0.0,-1.0,-1.0,-1.0,-1.0,-1.0,-1.0,-1.0,-1.0,0.0,-1.0,0.8823529411764706,0.0,0.0,-1.0,-1.0,-1.0,0.0,-1.0,-1.0,-1.0,0.0,-1.0,-1.0,0.0,0.0909090909090909,-1.0,-1.0,-1.0,0.0,-1.0,-1.0,-1.0,-1.0,0.0,0.0,0.036036036036036,-1.0,-1.0,-1.0,-1.0,-1.0,-1.0,-1.0,-1.0,0.0,-1.0,-1.0,0.0,-1.0,-1.0,0.0,0.0
-1.0,0.0,-1.0,-1.0,-1.0,1.0,1.0,0.0,-1.0,1.0,-1.0,-1.0,-1.0,0.0,-1.0,-1.0,-1.0,0.0,-1.0,0.03,0.0,-1.0,-1.0,-1.0,-1.0,-1.0,-1.0,-1.0,0.0,-1.0,0.0,0.0,-1.0,0.0,0.0,0.0,0.0,0.0,0.0,0.0,-1.0,-1.0,-1.0,0.0,0.0,-1.0,0.0,-1.0,-1.0,-1.0,0.0,0.0,-1.0,-1.0,-1.0,-1.0,-1.0,-1.0,-1.0,0.0,-1.0,-1.0,0.0612244897959183,0.0086956521739129,0.0,0.0,0.0,-1.0,0.0,-1.0,-1.0,-1.0,-1.0,-1.0,-1.0,0.0,-1.0,-1.0,-1.0,0.0,-1.0,-1.0,-1.0,0.0,-1.0,0.0,0.0,-1.0,0.0,-1.0,-1.0,0.0,0.0,0.0,-1.0,-1.0,-1.0,0.0,-1.0,0.0104166666666666
-1.0,-1.0,-1.0,-1.0,0.0,1.0,1.0,-1.0,0.0,-1.0,-1.0,-1.0,0.0,-1.0,-1.0,-1.0,0.0,-1.0,0.0,-1.0,0.0,-1.0,0.0,0.0,-1.0,-1.0,1.0,-1.0,0.0202020202020202,-1.0,-1.0,0.0,0.0,-1.0,0.0,-1.0,0.0,-1.0,0.0,-1.0,1.0,-1.0,-1.0,-1.0,-1.0,0.0,0.0,-1.0,0.0,-1.0,0.0,0.0112359550561798,-1.0,-1.0,0.0,-1.0,-1.0,0.0,-1.0,-1.0,-1.0,-1.0,0.043859649122807,-1.0,0.0,0.0,0.0,0.0,-1.0,-1.0,0.0,-1.0,0.0743801652892561,-1.0,-1.0,-1.0,-1.0,-1.0,-1.0,-1.0,0.0,0.0,0.0,-1.0,-1.0,-1.0,0.0,0.0,-1.0,0.0,-1.0,0.0098039215686274,0.0,-1.0,0.0,-1.0,1.0,0.0,-1.0,-1.0
-1.0,-1.0,-1.0,0.0,-1.0,1.0,-1.0,-1.0,-1.0,-1.0,-1.0,-1.0,-1.0,-1.0,-1.0,0.0,0.0,-1.0,-1.0,-1.0,-1.0,0.0,-1.0,0.0,-1.0,1.0,-1.0,-1.0,-1.0,-1.0,-1.0,0.0,-1.0,0.0,-1.0,-1.0,-1.0,0.0,-1.0,0.0,-1.0,-1.0,-1.0,-1.0,0.0,-1.0,-1.0,-1.0,-1.0,-1.0,-1.0,-1.0,-1.0,0.5,0.0,0.0,-1.0,-1.0,-1.0,-1.0,0.0,-1.0,-1.0,0.0,0.0,0.0,-1.0,0.0,0.0,-1.0,-1.0,-1.0,-1.0,0.0081967213114754,0.0,0.0,-1.0,-1.0,-1.0,-1.0,0.0,0.0,0.0,-1.0,-1.0,-1.0,-1.0,-1.0,-1.0,0.0084745762711864,-1.0,-1.0,-1.0,-1.0,-1.0,-1.0,-1.0,0.0106382978723403,-1.0,0.0212765957446808
-1.0,0.0,0.0,0.0,-1.0,1.0,-1.0,0.0,0.0,-1.0,-1.0,-1.0,-1.0,0.0306122448979592,0.0,-1.0,0.0,-1.0,0.0,-1.0,0.0,-1.0,-1.0,0.0,-1.0,1.0,-1.0,1.0,-1.0,-1.0,0.0,0.0,0.0,-1.0,0.0,-1.0,0.0,-1.0,0.0,0.0114942528735632,-1.0,-1.0,-1.0,-1.0,0.0,0.0344827586206896,-1.0,-1.0,0.025,-1.0,0.0,-1.0,-1.0,0.5,-1.0,0.0,-1.0,-1.0,0.968421052631579,-1.0,0.0,0.0,0.0105263157894737,0.0,-1.0,-1.0,-1.0,-1.0,0.0,-1.0,0.01010101010101,0.01010101010101,-1.0,-1.0,0.0,0.0,0.0,0.0,0.0,-1.0,0.0,-1.0,0.0086956521739129,0.0170940170940171,0.0,-1.0,-1.0,-1.0,-1.0,-1.0,-1.0,-1.0,0.0,0.0,0.0,0.0,-1.0,0.0,-1.0,-1.0
0.0,-1.0,-1.0,0.0,0.0,-1.0,-1.0,-1.0,0.0,1.0,-1.0,-1.0,0.0,0.0,0.0,-1.0,-1.0,-1.0,-1.0,-1.0,0.0,-1.0,-1.0,-1.0,1.0,1.0,1.0,-1.0,0.0166666666666667,-1.0,0.0,-1.0,0.0,-1.0,0.0,0.0,-1.0,-1.0,0.0,0.0136986301369863,-1.0,0.0,0.0,-1.0,0.0,0.0273972602739726,-1.0,0.0,0.0087719298245614,-1.0,0.0,-1.0,-1.0,0.4736842105263158,0.0,0.0,-1.0,-1.0,-1.0,-1.0,0.0,-1.0,-1.0,0.0,-1.0,0.0095238095238094,-1.0,-1.0,-1.0,1.0,0.0,0.0,-1.0,-1.0,-1.0,-1.0,0.0,-1.0,-1.0,0.0,-1.0,-1.0,0.0,-1.0,-1.0,0.0,0.0,-1.0,-1.0,0.0,0.0319148936170212,0.0212765957446808,-1.0,-1.0,0.0,0.0,1.0,-1.0,0.0,-1.0
-1.0,0.0,0.0,-1.0,0.0,1.0,1.0,-1.0,-1.0,-1.0,-1.0,0.0,0.0,-1.0,-1.0,0.0,-1.0,0.0,-1.0,-1.0,0.0,0.0,0.0,0.0,-1.0,1.0,-1.0,-1.0,-1.0,-1.0,-1.0,0.0,-1.0,-1.0,-1.0,-1.0,-1.0,-1.0,-1.0,-1.0,-1.0,-1.0,-1.0,-1.0,0.0,-1.0,-1.0,0.0,-1.0,-1.0,0.0,0.0152671755725191,-1.0,-1.0,-1.0,-1.0,-1.0,-1.0,-1.0,0.0,0.0,-1.0,0.0275229357798164,0.0,-1.0,-1.0,-1.0,0.0,-1.0,1.0,0.0,0.0,0.0520833333333333,0.0,0.0,0.0,-1.0,0.0,0.0,-1.0,-1.0,0.0,0.0,-1.0,-1.0,0.0,-1.0,-1.0,-1.0,0.0,-1.0,-1.0,-1.0,0.0,0.0,-1.0,1.0,-1.0,-1.0,-1.0
0.0,-1.0,0.0,0.0,0.0,-1.0,-1.0,0.0,-1.0,1.0,0.0,0.0,-1.0,-1.0,-1.0,-1.0,0.0,-1.0,0.0,0.03125,0.0,0.0,0.0,0.0,-1.0,-1.0,-1.0,1.0,-1.0,0.0,-1.0,-1.0,-1.0,-1.0,0.0,-1.0,-1.0,0.0,0.0,0.009090909090909,1.0,0.0,-1.0,-1.0,-1.0,-1.0,-1.0,-1.0,0.0098039215686274,-1.0,-1.0,0.0,-1.0,-1.0,0.0,0.0,-1.0,-1.0,-1.0,-1.0,-1.0,-1.0,-1.0,-1.0,-1.0,0.0,0.0,0.0,0.0,1.0,-1.0,0.0,0.0833333333333333,-1.0,0.0,0.0106382978723403,0.0,-1.0,-1.0,-1.0,-1.0,-1.0,-1.0,-1.0,0.0,-1.0,-1.0,-1.0,0.0,-1.0,0.1153846153846154,-1.0,-1.0,0.0,-1.0,-1.0,-1.0,0.0,0.0,-1.0
1.0,-1.0,1.0,-1.0,-1.0,-1.0,-1.0,0.0,0.0,-1.0,-1.0,1.0,-1.0,-1.0,-1.0,-1.0,1.0,-1.0,0.0,-1.0,-1.0,-1.0,1.0,1.0,-1.0,-1.0,1.0,-1.0,1.0,0.0,-1.0,-1.0,-1.0,1.0,-1.0,-1.0,-1.0,-1.0,1.0,-1.0,1.0,-1.0,-1.0,1.0,-1.0,-1.0,1.0,-1.0,1.0,1.0,-1.0,-1.0,1.0,1.0,-1.0,0.0,0.0,0.0,-1.0,1.0,1.0,-1.0,-1.0,1.0,-1.0,1.0,-1.0,-1.0,1.0,1.0,0.2083333333333333,0.2083333333333333,-1.0,0.0,1.0,-1.0,1.0,-1.0,-1.0,-1.0,-1.0,-1.0,0.0,1.0,-1.0,-1.0,-1.0,1.0,-1.0,-1.0,-1.0,1.0,-1.0,1.0,1.0,1.0,1.0,-1.0,0.0,-1.0
-1.0,0.0,-1.0,-1.0,-1.0,1.0,1.0,0.0,0.0,1.0,-1.0,0.0,-1.0,-1.0,-1.0,-1.0,0.0,-1.0,-1.0,-1.0,0.0,0.0,-1.0,-1.0,-1.0,1.0,-1.0,1.0,0.0,0.0,0.0,0.0,-1.0,-1.0,-1.0,-1.0,-1.0,-1.0,0.0,-1.0,1.0,-1.0,0.0,0.0,-1.0,0.0,0.0,-1.0,-1.0,0.0227272727272727,0.0,-1.0,-1.0,0.4747474747474747,-1.0,-1.0,-1.0,-1.0,0.8392857142857143,-1.0,-1.0,-1.0,-1.0,-1.0,-1.0,-1.0,0.0,-1.0,-1.0,1.0,0.0,-1.0,-1.0,-1.0,0.0,0.0,0.0,0.0,-1.0,-1.0,0.0,-1.0,-1.0,-1.0,0.0,-1.0,-1.0,0.0,-1.0,0.0,0.0612244897959183,-1.0,-1.0,-1.0,0.0,-1.0,1.0,-1.0,-1.0,-1.0
0.0,-1.0,-1.0,0.0,0.0,-1.0,1.0,-1.0,-1.0,-1.0,-1.0,-1.0,0.0,-1.0,-1.0,0.0,0.0,-1.0,-1.0,-1.0,0.0098039215686274,0.0,-1.0,0.0,-1.0,-1.0,1.0,-1.0,-1.0,-1.0,-1.0,-1.0,0.0,0.0,-1.0,0.0,-1.0,0.0,-1.0,0.0252100840336134,-1.0,-1.0,-1.0,-1.0,-1.0,-1.0,0.0,0.0,0.0098039215686274,-1.0,-1.0,-1.0,1.0,0.480392156862745,0.0,-1.0,0.0,0.0,-1.0,-1.0,-1.0,0.0,0.0566037735849056,-1.0,0.0,0.0,-1.0,-1.0,0.0,1.0,-1.0,-1.0,0.0384615384615384,-1.0,-1.0,-1.0,0.0,-1.0,0.0,-1.0,-1.0,0.010204081632653,0.0,-1.0,0.0,-1.0,0.0,0.0,-1.0,-1.0,-1.0,-1.0,-1.0,0.0,-1.0,0.0,1.0,0.0,0.0,-1.0
0.0,-1.0,0.0,0.0,-1.0,1.0,-1.0,0.0,-1.0,-1.0,-1.0,0.0,-1.0,-1.0,-1.0,-1.0,0.0,0.0,-1.0,-1.0,0.0,-1.0,-1.0,0.0,-1.0,-1.0,1.0,-1.0,0.009090909090909,-1.0,-1.0,-1.0,-1.0,-1.0,-1.0,-1.0,-1.0,0.0,-1.0,-1.0,-1.0,0.0,-1.0,-1.0,-1.0,0.0444444444444444,0.0,0.0,-1.0,0.0196078431372549,-1.0,-1.0,-1.0,0.4895833333333333,-1.0,-1.0,-1.0,-1.0,-1.0,-1.0,0.0,-1.0,-1.0,0.0,0.0,0.0,0.0,-1.0,-1.0,-1.0,-1.0,-1.0,0.0638297872340425,0.0,0.0,-1.0,0.0033444816053511,0.0,-1.0,-1.0,-1.0,0.0,-1.0,-1.0,-1.0,-1.0,-1.0,0.0,-1.0,-1.0,0.0729166666666666,-1.0,0.0104166666666666,-1.0,-1.0,1.0,-1.0,-1.0,-1.0,-1.0
0.0,0.0,0.0,0.0,-1.0,-1.0,-1.0,-1.0,-1.0,1.0,-1.0,0.0,-1.0,-1.0,-1.0,-1.0,0.0,-1.0,-1.0,-1.0,0.0,-1.0,0.0,0.0,-1.0,-1.0,1.0,-1.0,-1.0,-1.0,-1.0,-1.0,-1.0,-1.0,-1.0,0.0,0.0,-1.0,0.0,0.0095238095238094,1.0,0.0,0.0,-1.0,-1.0,-1.0,0.0,-1.0,0.0181818181818181,-1.0,0.0,-1.0,-1.0,-1.0,-1.0,-1.0,-1.0,0.0,-1.0,-1.0,-1.0,0.0,0.0860215053763441,0.0,0.0,0.0,-1.0,-1.0,-1.0,1.0,0.0,0.0,-1.0,-1.0,-1.0,0.0,-1.0,-1.0,-1.0,-1.0,-1.0,0.0,-1.0,0.0210526315789473,0.0,-1.0,-1.0,-1.0,0.0,-1.0,0.0119047619047618,-1.0,0.0,0.0,-1.0,1.0,-1.0,0.0,-1.0,-1.0
-1.0,0.0,-1.0,0.0,0.0,1.0,-1.0,-1.0,0.0,-1.0,-1.0,0.0,0.0,-1.0,0.0,0.0,-1.0,-1.0,-1.0,-1.0,-1.0,-1.0,-1.0,0.0,-1.0,-1.0,1.0,-1.0,-1.0,-1.0,-1.0,-1.0,-1.0,-1.0,0.0,-1.0,-1.0,0.0,-1.0,-1.0,-1.0,-1.0,-1.0,-1.0,-1.0,-1.0,0.0,-1.0,0.0098039215686274,-1.0,0.0,0.0,-1.0,0.4705882352941176,-1.0,0.0,-1.0,0.0,-1.0,-1.0,-1.0,-1.0,-1.0,-1.0,-1.0,-1.0,-1.0,-1.0,-1.0,1.0,0.0,-1.0,0.0531914893617021,-1.0,-1.0,-1.0,-1.0,-1.0,0.0,-1.0,-1.0,-1.0,-1.0,0.010752688172043,-1.0,-1.0,0.0,-1.0,-1.0,-1.0,-1.0,-1.0,-1.0,0.0,-1.0,-1.0,1.0,-1.0,0.0,0.0
0.0,-1.0,-1.0,-1.0,-1.0,-1.0,-1.0,-1.0,0.0,-1.0,0.0,-1.0,0.0,-1.0,-1.0,0.0114942528735632,-1.0,0.0,-1.0,0.0229885057471264,-1.0,-1.0,0.0,0.0,1.0,1.0,-1.0,-1.0,-1.0,-1.0,-1.0,-1.0,-1.0,0.0,-1.0,0.0,-1.0,0.0,0.0,-1.0,1.0,0.0,-1.0,-1.0,-1.0,-1.0,0.0,-1.0,0.0116279069767442,0.010752688172043,-1.0,0.0,1.0,-1.0,-1.0,0.0,-1.0,-1.0,-1.0,-1.0,0.0,-1.0,0.0384615384615384,-1.0,0.0,-1.0,-1.0,-1.0,0.0,1.0,0.0,0.0,0.0521739130434782,-1.0,0.0,-1.0,0.0,0.0,0.0,-1.0,-1.0,-1.0,0.0,0.0303030303030302,-1.0,-1.0,-1.0,0.009009009009009,-1.0,0.0,-1.0,-1.0,0.0,0.0,-1.0,0.0,-1.0,0.0,0.0,0.0
-1.0,-1.0,-1.0,-1.0,-1.0,-1.0,-1.0,0.0,0.0,-1.0,-1.0,0.0,0.0,-1.0,0.0,0.0347826086956521,-1.0,0.0,-1.0,-1.0,-1.0,0.0,-1.0,0.0,-1.0,1.0,1.0,1.0,-1.0,0.0,0.0,0.0,-1.0,-1.0,-1.0,-1.0,-1.0,0.0,-1.0,-1.0,1.0,0.0,-1.0,-1.0,0.0,-1.0,0.0,0.0,0.0,-1.0,0.0,0.0108695652173913,1.0,0.4910714285714286,-1.0,-1.0,0.0,0.0,-1.0,-1.0,0.0,0.0,0.045045045045045,-1.0,0.0,-1.0,-1.0,-1.0,0.0,1.0,-1.0,0.0,-1.0,0.0,0.0,0.0,-1.0,-1.0,-1.0,-1.0,0.0,-1.0,-1.0,-1.0,-1.0,-1.0,-1.0,0.0,-1.0,0.0,0.0964912280701754,-1.0,0.0,0.0,-1.0,0.0,1.0,-1.0,-1.0,-1.0
0.0,0.0,0.0,-1.0,-1.0,-1.0,1.0,-1.0,-1.0,1.0,-1.0,0.0,0.0,0.0,0.0,-1.0,-1.0,-1.0,-1.0,-1.0,-1.0,-1.0,-1.0,-1.0,-1.0,-1.0,-1.0,-1.0,-1.0,-1.0,0.0,-1.0,0.0,-1.0,-1.0,-1.0,-1.0,0.0,-1.0,-1.0,-1.0,0.0,-1.0,-1.0,0.0,-1.0,0.0,-1.0,-1.0,0.0309278350515463,-1.0,0.0,-1.0,-1.0,-1.0,0.0,-1.0,-1.0,-1.0,-1.0,0.0,-1.0,0.0471698113207547,0.0095238095238094,-1.0,-1.0,0.0,-1.0,-1.0,-1.0,0.0103092783505154,-1.0,0.0721649484536082,-1.0,-1.0,-1.0,-1.0,0.0,-1.0,-1.0,-1.0,0.0,0.0,-1.0,-1.0,0.0,0.0,-1.0,-1.0,-1.0,-1.0,0.0,0.0,0.0,-1.0,0.0,-1.0,-1.0,-1.0,0.0
0.0,0.0,-1.0,0.0,0.0,-1.0,1.0,0.0,0.0,1.0,0.0,0.0,0.0,-1.0,-1.0,0.0,-1.0,0.0,-1.0,-1.0,-1.0,-1.0,-1.0,-1.0,-1.0,1.0,-1.0,-1.0,-1.0,-1.0,0.0,-1.0,0.0,0.0,-1.0,-1.0,-1.0,-1.0,-1.0,-1.0,-1.0,-1.0,0.0,-1.0,0.0,0.0833333333333333,-1.0,0.0,-1.0,0.0206185567010309,-1.0,-1.0,1.0,-1.0,-1.0,-1.0,0.0,-1.0,-1.0,0.0,-1.0,-1.0,0.0576923076923077,-1.0,0.0,0.0,0.0,0.0,-1.0,-1.0,-1.0,-1.0,0.074074074074074,0.0,0.0,-1.0,-1.0,0.0,0.0,0.0,-1.0,-1.0,0.0,-1.0,0.0,0.0,-1.0,-1.0,-1.0,-1.0,-1.0,0.0,-1.0,-1.0,0.0,-1.0,1.0,-1.0,0.0,0.0
0.0,0.0091743119266054,0.0,0.0,-1.0,-1.0,-1.0,0.0,-1.0,-1.0,0.0,0.0,0.0,0.0,-1.0,0.0,-1.0,0.0,-1.0,-1.0,-1.0,0.0,-1.0,-1.0,-1.0,-1.0,-1.0,-1.0,-1.0,0.0,-1.0,-1.0,-1.0,0.0,-1.0,-1.0,-1.0,-1.0,0.0,-1.0,-1.0,0.0,-1.0,0.0099009900990099,-1.0,0.0,0.0,0.0,-1.0,-1.0,-1.0,-1.0,1.0,-1.0,-1.0,-1.0,-1.0,-1.0,0.8623853211009174,0.0,0.0,0.0,-1.0,-1.0,-1.0,0.0,-1.0,-1.0,-1.0,1.0,0.0,0.0,-1.0,-1.0,0.0,-1.0,-1.0,0.0,0.0,0.0,0.0,0.0,0.0,-1.0,0.0,0.0,-1.0,-1.0,0.0,-1.0,0.0654205607476635,-1.0,-1.0,0.0093457943925233,0.0,-1.0,-1.0,0.0,0.0,-1.0
-1.0,0.0,-1.0,0.0,-1.0,-1.0,1.0,0.0099009900990099,0.0206185567010309,1.0,-1.0,-1.0,0.0,0.0,-1.0,-1.0,0.0,0.0,-1.0,-1.0,-1.0,0.0,0.010752688172043,0.0,-1.0,-1.0,-1.0,1.0,0.0,-1.0,-1.0,0.0,-1.0,0.0,0.0,-1.0,-1.0,-1.0,-1.0,0.0098039215686274,1.0,-1.0,-1.0,-1.0,0.0,-1.0,0.0,0.0,0.0,0.0178571428571429,0.0,0.0,-1.0,-1.0,0.0,-1.0,-1.0,-1.0,0.9175257731958762,0.0,0.0,-1.0,0.0412371134020618,-1.0,-1.0,-1.0,0.0,-1.0,-1.0,-1.0,0.0,-1.0,0.0521739130434782,0.0086956521739129,-1.0,-1.0,-1.0,0.0,0.0,0.0,0.0,0.0,-1.0,-1.0,-1.0,0.0,0.0,-1.0,-1.0,-1.0,-1.0,0.0,0.0,-1.0,-1.0,-1.0,-1.0,0.0,0.0,-1.0
0.0,0.0,0.0,-1.0,-1.0,-1.0,-1.0,-1.0,-1.0,1.0,-1.0,0.0,0.0,-1.0,0.0,-1.0,-1.0,0.0,-1.0,0.0679611650485436,-1.0,-1.0,0.0,-1.0,1.0,-1.0,1.0,-1.0,-1.0,-1.0,0.0,-1.0,0.0,-1.0,0.0,-1.0,0.0,0.0,-1.0,-1.0,-1.0,-1.0,-1.0,0.0,0.0,-1.0,0.009009009009009,-1.0,-1.0,-1.0,-1.0,0.0,1.0,-1.0,-1.0,0.0,-1.0,0.0,-1.0,0.0,0.0,0.0,-1.0,-1.0,-1.0,0.0116279069767442,-1.0,0.0,0.0116279069767442,1.0,-1.0,-1.0,0.0297029702970297,-1.0,-1.0,-1.0,-1.0,-1.0,-1.0,-1.0,-1.0,-1.0,-1.0,-1.0,-1.0,-1.0,-1.0,-1.0,0.0,-1.0,-1.0,-1.0,-1.0,0.0,-1.0,0.0,-1.0,-1.0,-1.0,-1.0
0.0,0.0,0.0,-1.0,-1.0,1.0,1.0,-1.0,0.0,1.0,-1.0,-1.0,0.0,0.0,-1.0,-1.0,-1.0,-1.0,-1.0,0.0425531914893616,-1.0,0.0,0.0086956521739129,-1.0,-1.0,-1.0,-1.0,-1.0,-1.0,0.0,-1.0,-1.0,-1.0,-1.0,-1.0,0.0,0.0,0.0,0.0,0.0,-1.0,0.0,-1.0,-1.0,0.0,0.0,-1.0,-1.0,0.01,0.019047619047619,-1.0,-1.0,-1.0,-1.0,-1.0,-1.0,-1.0,-1.0,-1.0,0.0,-1.0,-1.0,-1.0,0.0,-1.0,-1.0,-1.0,0.0,-1.0,1.0,-1.0,-1.0,-1.0,-1.0,0.0,-1.0,-1.0,0.0,-1.0,-1.0,0.0,0.0,-1.0,-1.0,-1.0,0.0,0.0,0.0096153846153845,-1.0,-1.0,-1.0,0.0,-1.0,-1.0,-1.0,-1.0,-1.0,-1.0,0.0,0.0
-1.0,0.0,0.0158730158730159,-1.0,-1.0,-1.0,1.0,-1.0,0.0,1.0,0.0,0.0,-1.0,-1.0,-1.0,-1.0,0.0086956521739129,-1.0,-1.0,-1.0,0.0,0.0086956521739129,0.0,-1.0,-1.0,-1.0,-1.0,1.0,-1.0,0.0,0.0,0.0,0.0,-1.0,0.0,0.0,0.0,-1.0,-1.0,0.0108695652173913,-1.0,-1.0,0.0,-1.0,-1.0,-1.0,0.0,0.0,-1.0,-1.0,-1.0,-1.0,1.0,-1.0,-1.0,-1.0,0.0,0.0,-1.0,0.0094339622641509,-1.0,0.0224719101123596,-1.0,-1.0,-1.0,-1.0,-1.0,0.0,-1.0,1.0,-1.0,-1.0,0.0568181818181817,0.0,-1.0,-1.0,0.0,-1.0,-1.0,-1.0,-1.0,-1.0,0.0,-1.0,-1.0,-1.0,-1.0,-1.0,0.0,-1.0,-1.0,-1.0,-1.0,-1.0,-1.0,0.0,1.0,0.0,0.0,-1.0
0.0,-1.0,-1.0,-1.0,-1.0,-1.0,-1.0,-1.0,-1.0,-1.0,-1.0,0.0,-1.0,0.0,-1.0,0.0,0.0116279069767442,-1.0,0.0,0.0210526315789473,-1.0,-1.0,0.0,-1.0,-1.0,1.0,1.0,-1.0,-1.0,-1.0,-1.0,-1.0,-1.0,0.0,-1.0,0.0,-1.0,0.0,0.0,0.0,-1.0,0.0,-1.0,-1.0,0.0,-1.0,-1.0,-1.0,0.0135135135135134,-1.0,0.0,-1.0,-1.0,-1.0,0.0,0.0,0.0,-1.0,-1.0,-1.0,0.0,-1.0,0.0666666666666666,-1.0,-1.0,-1.0,-1.0,-1.0,-1.0,-1.0,0.0,0.0,-1.0,0.0,-1.0,-1.0,0.0,-1.0,-1.0,0.0,0.0,0.0,0.0,0.0178571428571429,-1.0,-1.0,0.0,0.0,-1.0,0.0,-1.0,0.0,-1.0,-1.0,0.0,0.0,1.0,-1.0,-1.0,-1.0
-1.0,0.0175438596491228,0.0,-1.0,0.0,-1.0,-1.0,-1.0,-1.0,1.0,-1.0,-1.0,-1.0,-1.0,0.0080645161290322,-1.0,-1.0,0.0,0.0,0.0303030303030302,0.010204081632653,-1.0,0.0,-1.0,1.0,-1.0,1.0,1.0,-1.0,-1.0,0.0,0.0114942528735632,0.0,0.0,-1.0,0.0,-1.0,0.0,-1.0,-1.0,1.0,-1.0,-1.0,0.0089285714285713,-1.0,0.2678571428571429,-1.0,0.0,-1.0,-1.0,-1.0,-1.0,-1.0,0.4545454545454546,0.0,0.0,-1.0,-1.0,-1.0,-1.0,-1.0,0.0,-1.0,-1.0,0.0,-1.0,0.0,-1.0,-1.0,-1.0,-1.0,-1.0,-1.0,-1.0,-1.0,-1.0,-1.0,-1.0,-1.0,-1.0,-1.0,0.0103092783505154,-1.0,-1.0,-1.0,-1.0,-1.0,-1.0,0.0,-1.0,0.0776699029126213,-1.0,0.0,-1.0,-1.0,0.0,-1.0,-1.0,0.0,-1.0
0.0,0.0,0.0,0.0,0.0,1.0,-1.0,0.0099009900990099,0.0,-1.0,0.0099009900990099,-1.0,0.0099009900990099,-1.0,-1.0,-1.0,0.0,-1.0,0.0,-1.0,0.0,-1.0,-1.0,-1.0,-1.0,1.0,-1.0,-1.0,0.0,-1.0,0.0,-1.0,0.0,-1.0,-1.0,0.0,-1.0,-1.0,-1.0,0.0,-1.0,0.0,-1.0,0.0,-1.0,0.0,-1.0,0.0,-1.0,0.0188679245283018,0.0,-1.0,1.0,-1.0,0.0,-1.0,-1.0,-1.0,0.8979591836734694,0.0,-1.0,0.0,-1.0,0.0,0.0,-1.0,-1.0,-1.0,0.0,-1.0,0.0,-1.0,0.0272727272727272,0.0,-1.0,-1.0,-1.0,-1.0,0.0,-1.0,-1.0,-1.0,-1.0,0.0344827586206896,-1.0,-1.0,-1.0,-1.0,0.0,-1.0,-1.0,0.0,-1.0,-1.0,0.0,0.0,1.0,0.0,-1.0,-1.0
-1.0,0.0,-1.0,0.0,-1.0,-1.0,-1.0,0.0,-1.0,1.0,-1.0,-1.0,-1.0,0.0,-1.0,0.0,-1.0,0.0108695652173913,0.0,-1.0,0.0,-1.0,0.0,0.010752688172043,-1.0,1.0,-1.0,1.0,-1.0,-1.0,-1.0,-1.0,0.0,0.0,0.0,-1.0,-1.0,0.0,0.0170940170940171,0.0196078431372549,-1.0,0.0,0.0,0.0,0.0085470085470085,-1.0,-1.0,-1.0,-1.0,-1.0,-1.0,-1.0,-1.0,-1.0,-1.0,0.0108695652173913,0.0,-1.0,-1.0,-1.0,0.0,-1.0,-1.0,-1.0,-1.0,-1.0,-1.0,-1.0,-1.0,-1.0,0.0,0.0,-1.0,-1.0,0.0104166666666666,-1.0,-1.0,-1.0,-1.0,-1.0,-1.0,0.0,-1.0,-1.0,0.0,-1.0,-1.0,-1.0,-1.0,-1.0,-1.0,0.0097087378640776,-1.0,-1.0,-1.0,-1.0,-1.0,-1.0,-1.0,-1.0
-1.0,-1.0,-1.0,-1.0,-1.0,1.0,1.0,0.0,0.0,-1.0,0.0,0.0,-1.0,0.0,-1.0,-1.0,-1.0,-1.0,0.0,-1.0,0.0,-1.0,-1.0,-1.0,-1.0,1.0,-1.0,-1.0,-1.0,-1.0,-1.0,-1.0,-1.0,-1.0,0.0,0.0,-1.0,-1.0,0.0105263157894737,-1.0,-1.0,-1.0,-1.0,-1.0,-1.0,-1.0,-1.0,-1.0,0.0,-1.0,0.0105263157894737,-1.0,1.0,-1.0,-1.0,-1.0,-1.0,-1.0,-1.0,-1.0,0.0,-1.0,0.0408163265306122,0.0,0.0,-1.0,-1.0,0.0,-1.0,1.0,-1.0,-1.0,-1.0,-1.0,-1.0,-1.0,-1.0,-1.0,-1.0,0.0,-1.0,-1.0,0.0,-1.0,-1.0,0.0,0.0,-1.0,-1.0,0.0,-1.0,0.0,0.0,-1.0,-1.0,-1.0,1.0,-1.0,-1.0,-1.0
