0.0,0.0,0.0,0.0,0.0,1.0,1.0,0.0,0.0,1.0,0.0,0.0,0.0,0.0,0.0,0.0,0.0,0.0,0.0,0.03191489361702127,0.0,0.0,0.04761904761904767,0.0,1.0,1.0,1.0,1.0,0.0,0.0,0.0,0.0,0.0,0.0,0.0,0.0,0.0,0.0,0.0,0.02083333333333337,1.0,0.0,0.0,0.0,0.0,0.03125,0.0,0.0,0.0,0.0,0.0,0.0,1.0,0.5,0.0,0.0,0.0,0.0,0.9519230769230769,0.0,0.0,0.0,0.009615384615384581,0.0,0.0,0.0,0.0,0.0,0.0,1.0,0.0,0.0,0.07272727272727275,0.0,0.0,0.0,0.0,0.0,0.0,0.0,0.0,0.0,0.0,0.020618556701030966,0.0,0.0,0.0,0.0,0.0,0.0,0.03448275862068961,0.0,0.011494252873563204,0.0,0.0,0.0,1.0,0.0,0.0,0.019230769230769273
0.0,0.0,0.0,0.0,0.0,1.0,1.0,0.0,0.0,1.0,0.0,0.0,0.0,0.0,0.0,0.0,0.0,0.0,0.0,0.07272727272727275,0.0078125,0.0,0.0,0.0,1.0,1.0,1.0,1.0,0.0,0.0,0.0,0.0,0.0,0.0,0.0,0.0,0.0,0.0,0.0,0.0,1.0,0.0,0.0,0.0,0.0,0.010000000000000009,0.0,0.0,0.0,0.03409090909090906,0.0,0.0,1.0,0.5222222222222221,0.0,0.0,0.0,0.0,0.8725490196078431,0.0,0.0,0.0,0.0490196078431373,0.0,0.0,0.0,0.0,0.0,0.0,1.0,0.0,0.0,0.05102040816326525,0.0,0.0,0.0,0.0,0.0,0.0,0.0,0.0,0.0,0.0,0.027272727272727226,0.0,0.0,0.0,0.0,0.0,0.0,0.10833333333333328,0.0,0.0,0.0,0.0,0.0,1.0,0.0,0.0,0.0
0.0,0.0,0.0,0.0,0.0,1.0,1.0,0.0,0.0,1.0,0.0,0.019230769230769273,0.0,0.0,0.0,0.0,0.0,0.0,0.0,0.038461538461538436,0.0,0.0,0.0,0.0,1.0,1.0,1.0,1.0,0.0,0.0,0.0,0.0,0.0,0.0,0.0,0.0,0.0,0.0,0.016129032258064502,0.017857142857142905,1.0,0.0,0.0,0.0,0.0,0.0,0.0,0.0,0.0,0.0,0.0,0.0,1.0,0.4354838709677419,0.0,0.0,0.0,0.0,0.8545454545454545,0.0,0.0,0.0,0.036363636363636376,0.0,0.0,0.0,0.0,0.0,0.0,1.0,0.0,0.0,0.16216216216216217,0.0,0.0,0.0,0.0,0.0,0.0,0.0,0.0,0.0,0.0,0.019607843137254943,0.0,0.0,0.0,0.0,0.0,0.0,0.014705882352941124,0.014705882352941124,0.0,0.0,0.0,0.0,1.0,0.0,0.0,0.0
0.0,0.0,0.0,0.0,0.0,1.0,1.0,0.0,0.0,1.0,0.0,0.0,0.0,0.0,0.0,0.0,0.0,0.0,0.0,0.04081632653061229,0.0,0.0,0.0,0.0,1.0,1.0,1.0,1.0,0.010309278350515427,0.0,0.0,0.0,0.0,0.0,0.0,0.0,0.0,0.0,0.0,0.010752688172043001,1.0,0.0,0.0,0.0,0.0,0.032258064516129004,0.0,0.0,0.0,0.008928571428571397,0.0,0.0,1.0,0.4554455445544554,0.0,0.0,0.0,0.0,0.8878504672897196,0.0,0.0,0.0,0.04672897196261683,0.0092592592592593,0.0,0.0,0.0,0.0,0.0,1.0,0.0,0.0,0.043010752688172005,0.0,0.0,0.0,0.0,0.0,0.0,0.0,0.0,0.0,0.01041666666666663,0.0,0.0,0.0,0.0,0.0,0.0,0.0,0.05882352941176472,0.009803921568627416,0.0,0.0,0.0,0.0,1.0,0.0,0.0,0.0
0.0,0.0,0.0,0.0,0.0,1.0,1.0,0.0,0.0,1.0,0.0,0.0,0.0,0.0,0.0,0.0,0.009009009009009028,0.0,0.0,0.01851851851851849,0.01098901098901095,0.0,0.0,0.0,1.0,1.0,1.0,1.0,0.0,0.0,0.0,0.0,0.0,0.0,0.0,0.0,0.0,0.0,0.0,0.0,1.0,0.0,0.0,0.0,0.0,0.0,0.0,0.0,0.0,0.0,0.0,0.01041666666666663,1.0,0.44680851063829785,0.0,0.0,0.0,0.0,0.865979381443299,0.0,0.0,0.0,0.04123711340206182,0.0,0.0,0.0,0.0,0.0,0.0,1.0,0.0,0.0,0.04123711340206182,0.0,0.0,0.00917431192660545,0.0,0.0,0.0,0.0,0.0,0.0,0.0,0.02752293577981646,0.0,0.0,0.0,0.0,0.0,0.0,0.0714285714285714,0.0,0.0,0.0,0.0,0.0,1.0,0.0,0.0,0.0
0.0,0.0,0.0,0.0,0.0,1.0,1.0,0.0,0.0,1.0,0.0,0.0,0.0,0.0,0.0,0.0,0.0,0.0,0.009090909090909038,0.036363636363636376,0.0,0.0,0.0,0.0,1.0,1.0,1.0,1.0,0.010526315789473717,0.0,0.0,0.0,0.0,0.0,0.0,0.0,0.0,0.0,0.0,0.0,1.0,0.0,0.0,0.0,0.0092592592592593,0.0,0.0,0.0,0.01851851851851849,0.0,0.0,0.0,1.0,0.4907407407407407,0.0,0.0,0.0,0.0,0.9032258064516129,0.0,0.0,0.0,0.07526881720430112,0.0,0.0,0.0,0.0,0.0,0.0,1.0,0.0,0.0,0.07291666666666663,0.0,0.0,0.0,0.0,0.0,0.0,0.0,0.0,0.0,0.0,0.018867924528301883,0.0,0.0,0.0,0.0,0.0,0.010101010101010055,0.06060606060606055,0.0,0.0,0.0,0.0,0.0,1.0,0.0,0.0,0.01980198019801982
0.0,0.0,0.0,0.0,0.0,1.0,1.0,0.0,0.0,1.0,0.0,0.0,0.0,0.0,0.0,0.0,0.0,0.0,0.0,0.05084745762711862,0.0,0.0,0.0,0.0,1.0,1.0,1.0,1.0,0.0,0.0,0.0,0.0,0.0,0.0,0.0,0.01041666666666663,0.0,0.0,0.01041666666666663,0.009708737864077666,1.0,0.0,0.0,0.0,0.0,0.058252427184465994,0.0,0.0,0.0,0.010101010101010055,0.0,0.0,1.0,0.46875,0.0,0.0,0.0,0.0,0.8691588785046729,0.0,0.0,0.0,0.06542056074766356,0.0,0.0,0.0,0.0,0.0,0.0,1.0,0.0,0.0,0.03191489361702127,0.0,0.0,0.009708737864077666,0.0,0.0,0.0,0.0,0.0,0.0,0.0,0.018181818181818188,0.0,0.0,0.0,0.0,0.0,0.0,0.09195402298850575,0.0,0.0,0.0,0.0,0.0,1.0,0.010869565217391353,0.0,0.0
0.0,0.0,0.0,0.0,0.0,1.0,1.0,0.0,0.0,1.0,0.0,0.0,0.0,0.0,0.0,0.0,0.0,0.0,0.0,0.033333333333333326,0.0,0.0,0.0,0.0,1.0,1.0,1.0,1.0,0.0,0.0,0.0,0.0,0.0,0.0,0.0,0.0,0.0,0.0,0.00990099009900991,0.0,1.0,0.0,0.0,0.0,0.0,0.0,0.0,0.0,0.0,0.0,0.0,0.011235955056179803,1.0,0.4653465346534653,0.0,0.0,0.0,0.0,0.9134615384615384,0.0,0.0,0.0,0.05769230769230771,0.0,0.0,0.0,0.0,0.0,0.0,1.0,0.0,0.0,0.07692307692307687,0.0,0.0,0.0,0.0,0.0,0.0,0.0,0.0,0.0,0.0,0.0,0.0,0.0,0.0,0.0,0.0,0.0,0.07407407407407407,0.0,0.0,0.0,0.0,0.0,1.0,0.0,0.0,0.0
0.0,0.0,0.0,0.0,0.0,1.0,1.0,0.0,0.0,1.0,0.0,0.017391304347826098,0.0,0.0,0.0,0.0,0.0,0.0,0.0,0.04347826086956519,0.0,0.0,0.0,0.0,1.0,1.0,1.0,1.0,0.0,0.0,0.0,0.0,0.0,0.0,0.0,0.0,0.0,0.0,0.0,0.012048192771084376,1.0,0.0,0.0,0.0,0.010204081632653073,0.0,0.0,0.0,0.010204081632653073,0.029126213592232997,0.0,0.0,1.0,0.4693877551020408,0.0,0.0,0.0,0.0,0.85,0.0,0.0,0.0,0.08999999999999997,0.021739130434782594,0.0,0.0,0.0,0.0,0.0,1.0,0.0,0.0,0.06666666666666665,0.0,0.0,0.0,0.0,0.0,0.0,0.0,0.0,0.0,0.0,0.016528925619834656,0.0,0.0,0.0,0.0,0.0,0.0,0.05102040816326525,0.0,0.0,0.0,0.0,0.0,1.0,0.0,0.0,0.0
0.0,0.0,0.0,0.0,0.0,1.0,1.0,0.0,0.0,1.0,0.0,0.0,0.0,0.0,0.0,0.0,0.0,0.0,0.0,0.08791208791208793,0.0,0.0,0.0,0.0,1.0,1.0,1.0,1.0,0.0,0.0,0.0,0.0,0.0,0.0,0.0,0.0,0.0,0.0,0.0,0.020000000000000018,1.0,0.0,0.0,0.0,0.0,0.0,0.010000000000000009,0.0,0.02020202020202022,0.0,0.0,0.008403361344537785,1.0,0.48484848484848486,0.0,0.0,0.0,0.0,0.8952380952380953,0.0,0.0,0.0,0.03809523809523807,0.0,0.0,0.0,0.0,0.0,0.0,1.0,0.0,0.0,0.101010101010101,0.0,0.0,0.0,0.0,0.0,0.0,0.0,0.0,0.0,0.0,0.05504587155963303,0.0,0.0,0.0,0.0,0.0,0.0,0.08823529411764708,0.0,0.0,0.0,0.0,0.0,1.0,0.0,0.0,0.0
0.0,0.0,0.0,0.0,0.0,1.0,1.0,0.0,0.0,1.0,0.0,0.0,0.0,0.0,0.0,0.0,0.0,0.0,0.0,0.008474576271186418,0.0,0.0,0.0,0.0,1.0,1.0,1.0,1.0,0.008695652173912993,0.0,0.0,0.0,0.0,0.0,0.0,0.0,0.0,0.0,0.008620689655172376,0.0,1.0,0.0,0.0,0.0,0.0,0.0,0.00952380952380949,0.0,0.0,0.02083333333333337,0.0,0.0,1.0,0.5,0.0,0.0,0.0,0.0,0.8598130841121495,0.0,0.0,0.0,0.05607476635514019,0.0,0.0,0.0,0.0,0.0,0.0,1.0,0.0,0.0,0.013333333333333308,0.0,0.0,0.0,0.0,0.0,0.0,0.0,0.0,0.0,0.0,0.021276595744680882,0.2376237623762376,0.0,0.0,0.00990099009900991,0.0,0.0,0.05208333333333337,0.0,0.0,0.0,0.0,0.0,1.0,0.0,0.0,0.009708737864077666
0.0,0.0,0.0,0.0,0.0,1.0,1.0,0.0,0.0,1.0,0.0,0.0,0.0,0.0,0.0,0.0,0.0,0.0,0.0,0.038461538461538436,0.0,0.0,0.0,0.0,1.0,1.0,1.0,1.0,0.0,0.0,0.0,0.0,0.0,0.0,0.0,0.0,0.0,0.0,0.0,0.0,1.0,0.0,0.0,0.0,0.0,0.0,0.0,0.0,0.0,0.0,0.0,0.0,1.0,0.4957983193277311,0.0,0.0,0.0,0.0,0.9292929292929293,0.0,0.0,0.0,0.06060606060606055,0.009433962264150941,0.0,0.0,0.0,0.0,0.0,1.0,0.0,0.0,0.04854368932038833,0.0,0.0,0.0,0.0,0.0,0.0,0.0,0.0,0.0,0.0,0.05940594059405946,0.0,0.0,0.0,0.0,0.0,0.0,0.10185185185185186,0.0,0.0,0.0,0.0,0.0,1.0,0.0,0.0,0.0
0.0,0.0,0.0,0.0,0.0,1.0,1.0,0.0,0.0,1.0,0.0,0.0,0.0,0.0,0.0,0.0,0.0,0.0,0.0,0.02777777777777779,0.0,0.0,0.0,0.0,1.0,1.0,1.0,1.0,0.0,0.0,0.0,0.0,0.0,0.0,0.0,0.0,0.0,0.0,0.0,0.01904761904761909,1.0,0.0,0.0,0.0,0.0,0.03809523809523807,0.0,0.0,0.010309278350515427,0.028846153846153855,0.0,0.0,1.0,0.4639175257731959,0.0,0.0,0.0,0.0,0.9886363636363636,0.0,0.0,0.0,0.06818181818181823,0.0,0.0,0.0,0.0,0.0,0.0,1.0,0.0,0.0,0.05434782608695654,0.0,0.0,0.0,0.0,0.0,0.0,0.0,0.0,0.0,0.0,0.06382978723404253,0.0,0.0,0.0,0.0,0.0,0.010101010101010055,0.0505050505050505,0.0,0.0,0.0,0.0,0.0,1.0,0.0,0.0,0.0
0.0,0.0,0.0,0.0,0.0,1.0,1.0,0.0,0.0,1.0,0.0,0.0,0.0,0.0,0.0,0.0,0.0,0.0,0.0,0.04210526315789476,0.0,0.0,0.0,0.0,1.0,1.0,1.0,1.0,0.0,0.0,0.0,0.0,0.0,0.0,0.0,0.0,0.0,0.0,0.0,0.01851851851851849,1.0,0.0,0.0,0.0,0.0,0.02777777777777779,0.0,0.0,0.0,0.011235955056179803,0.0,0.0,1.0,0.48571428571428577,0.0,0.0,0.0,0.2134831460674157,0.8089887640449438,0.0,0.0,0.0,0.0449438202247191,0.0,0.0,0.0,0.0,0.0,0.0,1.0,0.0,0.0,0.04878048780487809,0.0,0.0,0.0092592592592593,0.0,0.0,0.0,0.0,0.1777777777777778,0.0,0.0,0.04629629629629628,0.0,0.0,0.0,0.0,0.0,0.0,0.06730769230769229,0.009615384615384581,0.0,0.0,0.0,0.0,1.0,0.0,0.0,0.0
0.0,0.0,0.0,0.0,0.0,1.0,1.0,0.0,0.0,1.0,0.0,0.0,0.0,0.0092592592592593,0.0,0.0,0.0,0.0,0.0,0.02777777777777779,0.0,0.0,0.0,0.0,1.0,1.0,1.0,1.0,0.008849557522123908,0.0,0.0,0.0,0.0,0.0,0.0,0.0,0.0,0.0,0.0,0.0,1.0,0.0,0.0,0.0,0.0,0.0,0.0,0.0,0.0,0.0,0.0,0.0,1.0,0.47,0.0,0.0,0.0,0.0,0.8738738738738738,0.0,0.0,0.0,0.05405405405405406,0.010638297872340385,0.0,0.0,0.0,0.0,0.0,1.0,0.0,0.0,0.08163265306122447,0.0,0.0,0.0092592592592593,0.0,0.0,0.0,0.0,0.0,0.0,0.0,0.009615384615384581,0.0,0.0,0.0,0.0,0.0,0.0,0.11111111111111116,0.0,0.0,0.0,0.0,0.0,1.0,0.0,0.0,0.0
0.0,0.0,0.0,0.009615384615384581,0.019230769230769273,1.0,1.0,0.0,0.0,1.0,0.0,0.0,0.0,0.017094017094017144,0.0,0.017094017094017144,0.010752688172043001,0.0,0.0,0.042735042735042694,0.0,0.0,0.009615384615384581,0.0,1.0,1.0,1.0,1.0,0.0,0.0,0.0,0.0,0.0,0.0,0.0,0.0,0.0,0.0,1.0,0.0,1.0,0.0,0.0,0.0,0.0,0.02020202020202022,0.0,0.021739130434782594,0.010869565217391353,0.02298850574712641,0.0,0.0,1.0,0.48913043478260865,0.0,0.0,0.0,0.0,0.95,0.0,0.0,0.0,0.020000000000000018,0.0,0.0,0.0,0.0,0.0,0.0,1.0,0.0,0.0,0.101010101010101,0.0,0.0,0.0,0.0,0.0,0.0,0.009433962264150941,0.0,0.0,0.0,0.008849557522123908,0.0,0.0,0.0,0.0,0.0,0.01904761904761909,0.01904761904761909,0.0,0.0,0.0,0.0,0.0,1.0,0.0,0.0,0.00952380952380949
0.0,0.0,0.0,0.0,0.0,1.0,1.0,0.0,0.0,1.0,0.0,0.0,0.0,0.0,0.0,0.0,0.0,0.0,0.01980198019801982,0.04950495049504955,0.0,0.0,0.0,0.0,1.0,1.0,1.0,1.0,0.00990099009900991,0.0,0.0,0.0,0.0,0.0,0.0,0.0,0.0,0.0,0.0,0.010526315789473717,1.0,0.0,0.0,0.0,0.0,0.0,0.010526315789473717,0.0,0.020000000000000018,0.0267857142857143,0.0,0.017857142857142905,1.0,0.45999999999999996,0.0,0.0,0.0,0.0,0.8541666666666666,0.0,0.0,0.0,0.0625,0.0,0.0,0.0,0.0,0.0,0.010101010101010055,1.0,0.0,0.0,0.036036036036036,0.0,0.0,0.0,0.0,0.0,0.0,0.0,0.0,0.0,0.0,0.019607843137254943,0.53,0.0,0.0,0.0,0.0,0.0,0.08510638297872342,0.0,0.0,0.0,0.0,0.009803921568627416,1.0,0.0,0.0,0.008547008547008517
0.0,0.0,0.0,0.0,0.0,1.0,1.0,0.0,0.0,1.0,0.0,0.0,0.0,0.0,0.0,0.010204081632653073,0.0,0.0,0.0,0.04081632653061229,0.0,0.0,0.0,0.0,1.0,1.0,1.0,1.0,0.011363636363636354,0.0,0.0,0.0,0.0,0.0,0.0,0.0,0.0,0.0,0.008403361344537785,0.010000000000000009,1.0,0.0,0.0,0.0,0.008403361344537785,0.0,0.0,0.0,0.008403361344537785,0.0,0.0,0.010526315789473717,1.0,0.4873949579831933,0.0,0.0,0.0,0.0,0.8686868686868687,0.0,0.0,0.0,0.07070707070707072,0.009803921568627416,0.0,0.0,0.0,0.0,0.0,1.0,0.0,0.0,0.10784313725490191,0.0,0.0,0.010101010101010055,0.0,0.0,0.0,0.0,0.0,0.0,0.0,0.018867924528301883,0.0,0.0,0.0,0.0,0.0,0.0,0.11711711711711714,0.009009009009009028,0.0,0.0,0.0,0.0,1.0,0.0,0.0,0.021739130434782594
0.0,0.0,0.0,0.0,0.0,1.0,1.0,0.0,0.0,1.0,0.0,0.0,0.0,0.0,0.0,0.0,0.0,0.0,0.0,0.06779661016949157,0.0,0.0,0.0,0.0,1.0,1.0,1.0,1.0,0.0,0.0,0.0,0.0,0.0,0.0,0.0,0.0,0.0,0.0,0.0,0.008849557522123908,1.0,0.0,0.0,0.0,0.0,0.0,0.0,0.0,0.01980198019801982,0.0,0.0,0.012195121951219523,1.0,0.5544554455445545,0.0,0.0,0.0,0.0,0.865979381443299,0.0,0.0,0.0,0.09278350515463918,0.0,0.0,0.008333333333333304,0.0,0.0,0.0,1.0,0.0,0.0,0.06306306306306309,0.0,0.0,0.0,0.0,0.0,0.0,0.0,0.0,0.0,0.0,0.0636363636363636,0.0,0.0,0.0,0.0,0.0,0.0,0.10204081632653061,0.0,0.0,0.0,0.0,0.0,1.0,0.0,0.0,0.0
0.0,0.0,0.0,0.0,0.0,1.0,1.0,0.0,0.0,1.0,0.0,0.0,0.0,0.0,0.0,0.0,0.0,0.0,0.0,0.07079646017699115,0.0,0.0,0.0,0.0,1.0,1.0,1.0,1.0,0.0,0.0,0.0,0.0,0.0,0.0,0.0,0.0,0.0,0.0,0.0,0.00917431192660545,1.0,0.0,0.0,0.0,0.0,0.0,0.00917431192660545,0.0,0.01041666666666663,0.0,0.0,0.01041666666666663,1.0,0.47916666666666663,0.0,0.0,0.0,0.0,0.8803418803418803,0.0,0.0,0.0,0.05982905982905984,0.0,0.0,0.0,0.0,0.0,0.0,1.0,0.0,0.0,0.04761904761904767,0.0,0.0,0.0,0.0,0.0,0.0,0.0,0.0,0.0,0.0,0.028846153846153855,0.0,0.0,0.0,0.0,0.0,0.0,0.09183673469387754,0.010204081632653073,0.0,0.0,0.0,0.0,1.0,0.0,0.0,0.0
0.0,0.0,0.0,0.0,0.0,1.0,1.0,0.0,0.0,1.0,0.0,0.0,0.0,0.0,0.0,0.0,0.0,0.0,0.0,0.043010752688172005,0.0,0.0,0.0,0.0,1.0,1.0,1.0,1.0,0.011363636363636354,0.0,0.0,0.0,0.0,0.0,0.0,0.0,0.0,0.0,0.0,0.0,1.0,0.0,0.0,0.0,0.0,0.010638297872340385,0.0,0.0,0.020618556701030966,0.0,0.0,0.0,1.0,0.4226804123711341,0.0,0.0,0.0,0.01904761904761909,0.8952380952380953,0.0,0.0,0.0,0.09523809523809523,0.0,0.0,0.0,0.0,0.0,0.0,1.0,0.0,0.0,0.07476635514018692,0.0,0.0,0.0,0.0,0.0,0.0,0.0,0.0,0.0,0.0,0.036036036036036,0.0,0.0,0.0,0.0,0.0,0.0,0.09375,0.01041666666666663,0.0,0.0,0.0,0.0,1.0,0.0,0.0,0.0
0.0,0.0,0.0,0.0,0.0,1.0,1.0,0.0,0.0,1.0,0.0,0.0,0.0,0.0,0.0,0.00952380952380949,0.0,0.010101010101010055,0.0,0.03809523809523807,0.0,0.0,0.0,0.0,1.0,1.0,1.0,1.0,0.0,0.0,0.0,0.0,0.0,0.0,0.0,0.0,0.0,0.0,0.01980198019801982,0.009090909090909038,1.0,0.0,0.0,0.0,0.0,0.0,0.0,0.0,0.01980198019801982,0.008928571428571397,0.0,0.0,1.0,0.4752475247524752,0.0,0.0,0.0,0.0,0.8773584905660378,0.0,0.0,0.0,0.06603773584905659,0.0,0.0,0.0,0.0,0.0,0.0,1.0,0.0,0.0,0.06999999999999995,0.0,0.0,0.009433962264150941,0.0,0.0,0.0,0.0,0.0,0.0,0.0,0.030927835051546393,0.0,0.0,0.0,0.0,0.0,0.0,0.04210526315789476,0.0,0.0,0.0,0.0,0.0,1.0,0.0,0.0,0.0
0.0,0.0,0.0,0.0,0.0,1.0,1.0,0.0,0.0,1.0,0.0,0.0,0.0,0.0,0.0,0.0,0.0,0.0,0.0,0.022471910112359605,0.0,0.0,0.0,0.0,1.0,1.0,1.0,1.0,0.0,0.0,0.0,0.0,0.0,0.0,0.0,0.0,0.0,0.0,0.0,0.04255319148936165,1.0,0.0,0.0,0.0,0.0,0.0,0.0,0.0,0.01941747572815533,0.0,0.0,0.0,1.0,0.47572815533980584,0.0,0.0,0.0,0.0,0.8468468468468469,0.0,0.0,0.0,0.027027027027026973,0.0,0.0,0.0,0.0,0.0,0.0,1.0,0.0,0.0,0.07526881720430112,0.0,0.0,0.0,0.0,0.0,0.0,0.0,0.0,0.0,0.0,0.02777777777777779,0.14423076923076927,0.0,0.0,0.009615384615384581,0.0,0.0,0.04395604395604391,0.0,0.0,0.0,0.0,0.0,1.0,0.0,0.0,0.0
0.0,0.0,0.0,0.0,0.0,1.0,1.0,0.0,0.009345794392523366,1.0,0.0,0.0,0.0,0.0,0.0,0.0,0.0,0.0,0.0,0.027027027027026973,0.0,0.0,0.0,0.0,1.0,1.0,1.0,1.0,0.0,0.0,0.0,0.0,0.0,0.0,0.0,0.0,0.0,0.0,0.0,0.00877192982456143,1.0,0.0,0.0,0.0,0.0,0.01754385964912286,0.0,0.0,0.0,0.012048192771084376,0.0,0.0,1.0,0.4862385321100917,0.0,0.0,0.0,0.0,0.8709677419354839,0.0,0.0,0.0,0.032258064516129004,0.0092592592592593,0.0,0.0,0.0,0.0,0.0,1.0,0.0,0.0,0.07627118644067798,0.0,0.0,0.0,0.0,0.0,0.0,0.0,0.0,0.0,0.0,0.030612244897959218,0.0,0.0,0.0,0.0,0.0,0.0,0.09345794392523366,0.009345794392523366,0.0,0.0,0.0,0.0,1.0,0.0,0.0,0.0
0.0,0.0,0.0,0.0,0.0,1.0,1.0,0.0,0.0,1.0,0.0,0.0,0.0,0.0,0.0,0.0,0.0,0.0,0.0,0.04587155963302747,0.0,0.0,0.0,0.0,1.0,1.0,1.0,1.0,0.010638297872340385,0.0,0.0,0.0,0.0,0.0,0.0,0.0,0.0,0.0,0.0,0.011235955056179803,1.0,0.0,0.0,0.0,0.0,0.0,0.0,0.0,0.009433962264150941,0.0,0.0,0.0,1.0,0.4811320754716981,0.0,0.0,0.0,0.0,0.8557692307692308,0.0,0.0,0.0,0.04807692307692313,0.009615384615384581,0.0,0.0,0.0,0.0,0.0,1.0,0.0,0.0,0.04504504504504503,0.0,0.0,0.0,0.0,0.0,0.0,0.0,0.0,0.0,0.0,0.03703703703703709,0.0,0.0,0.0,0.0,0.0,0.0,0.0267857142857143,0.0,0.0,0.0,0.0,0.0092592592592593,1.0,0.0,0.0,0.0
0.0,0.0,0.0,0.0,0.0,1.0,1.0,0.0,0.0,1.0,0.0,0.0,0.0,0.0,0.0,0.0,0.0092592592592593,0.0,0.0,0.01980198019801982,0.0,0.0,0.0,0.0,1.0,1.0,1.0,1.0,0.009009009009009028,0.0,0.0,0.0,0.0,0.0,0.0,0.0,0.0,0.0,0.0,0.03125,1.0,0.0,0.0,0.0,0.0,0.03125,0.0,0.0,0.0,0.0,0.0,0.0,1.0,0.4591836734693877,0.0,0.0,0.0,0.0,0.8928571428571429,0.0,0.0,1.0,0.0357142857142857,0.0,0.0,0.0,0.0,0.0,0.0,1.0,0.0,0.0,0.06666666666666665,0.0,0.0,0.0,0.0,0.0,0.0,0.0,0.0,0.0,0.0,0.018018018018018056,0.0,0.0,0.0,0.0,0.0,0.0,0.07692307692307687,0.0,0.0,0.0,0.0,0.009009009009009028,1.0,0.0,0.0,0.0
0.0,0.0,0.0,0.0,0.0,1.0,1.0,0.0,0.0,1.0,0.0,0.0,0.0,0.0,0.0,0.0,0.0,0.0,0.0,0.04123711340206182,0.0,0.0,0.0,0.0,1.0,1.0,1.0,1.0,0.0,0.0,0.0,0.0,0.0,0.0,0.0,0.0,0.0,0.0,0.0,0.0,1.0,0.0,0.0,0.0,0.0,0.0,0.0,0.0,0.009090909090909038,0.01098901098901095,0.0,0.0,1.0,0.4818181818181818,0.0,0.0,0.0,0.0,0.8823529411764706,0.0,0.0,0.0,0.05882352941176472,0.0,0.0,0.0,0.0,0.0,0.0,1.0,0.0,0.0,0.06930693069306926,0.0,0.0,0.0,0.0,0.0,0.0,0.0,0.0,0.0,0.0,0.036363636363636376,0.0,0.0,0.0,0.0,0.0,0.0,0.04807692307692313,0.009615384615384581,0.0,0.0,0.0,0.0,1.0,0.0,0.0,0.0
0.0,0.0,0.0,0.0,0.0,1.0,1.0,0.0,0.0,1.0,0.0,0.0,0.0,0.0,0.0,1.0,1.0,1.0,1.0,1.0,1.0,1.0,1.0,0.0,1.0,1.0,1.0,1.0,0.0,0.0,0.0,0.0,0.0,0.0,0.0,0.0,0.0,0.0,0.0,0.022222222222222254,1.0,0.0,0.0,0.0,0.0,0.05555555555555558,0.0,0.0,0.017391304347826098,0.00952380952380949,0.0,0.0,1.0,0.4782608695652174,0.0,0.0,0.0,0.0,0.9285714285714286,0.0,0.0,0.0,0.010204081632653073,0.008264462809917328,0.0,0.0,0.0,0.0,0.0,1.0,0.0,0.0,0.09638554216867468,0.0,0.0,0.0,0.0,0.0,0.0,0.0,0.0,0.0,0.0,0.050000000000000044,0.0,0.0,0.0,0.0,0.0,0.00917431192660545,0.06422018348623848,0.0,0.0,0.0,0.0,0.0,1.0,0.0,0.0,0.0
0.0,0.0,0.0,0.0,0.0,1.0,1.0,0.0,0.0,1.0,0.0,0.0,0.0,0.0,0.0,0.0,0.0,0.0,0.0,0.036363636363636376,0.0,0.0,0.0,0.0,1.0,1.0,1.0,1.0,0.009803921568627416,0.0,0.0,0.0,0.0,0.0,0.0,0.0,0.0,0.0,0.0,0.008928571428571397,1.0,0.0,0.0,0.0,0.0,0.0,0.0,0.0,0.0,0.0,0.0,0.0,1.0,0.47,0.0,0.0,0.0,0.0,0.8640776699029127,0.0,0.0,0.0,0.04854368932038833,0.0,0.0,0.0,0.0,0.0,0.0,1.0,0.0,0.0,0.040000000000000036,0.0,0.0,0.0,0.0,0.0,0.0,0.0,0.0,0.0,0.0,0.050000000000000044,0.0,0.0,0.0,0.0,0.0,0.0,0.08999999999999997,0.0,0.010000000000000009,0.0,0.0,0.0,1.0,0.0,0.0,0.0
0.0,0.0,0.0,0.0,0.0,1.0,1.0,0.06730769230769229,0.009615384615384581,1.0,0.019230769230769273,0.0,0.0,0.03418803418803418,0.0,0.0,0.0,0.0,0.0,0.042735042735042694,0.0,0.0,0.0,0.0,1.0,1.0,1.0,1.0,0.0,0.0,0.0,0.0,0.0,0.03296703296703296,0.0,0.0,0.0,0.0,0.0,0.0,1.0,0.0,0.0,0.0,0.0,0.022222222222222254,0.0,0.0,0.007874015748031482,0.011111111111111072,0.0,0.0,1.0,0.5275590551181102,0.0,0.0,0.0,0.05882352941176472,0.9647058823529412,0.0,0.0,0.0,0.02352941176470591,0.0,0.0,0.0,0.0,0.0,0.0,1.0,0.0,0.0,0.16666666666666663,0.022222222222222254,0.0,0.0,0.0,0.0,0.0,0.0,0.0,0.0,0.0,0.0,0.0,0.0,0.0,0.0,0.0,0.0,0.07207207207207211,0.0,0.0,0.009009009009009028,0.0,0.0,1.0,0.0,0.0,0.00952380952380949
0.0,0.0,0.0,0.0,0.0,1.0,1.0,0.030000000000000027,0.06451612903225812,1.0,0.030000000000000027,0.0,0.0,0.0,0.0,0.0,0.0,0.0,0.0,0.0267857142857143,0.0,0.0,0.0,0.0,1.0,1.0,1.0,1.0,0.0,0.0,0.0,0.0,0.0,0.0,0.0,0.0,0.0,0.0,0.0,0.009009009009009028,1.0,0.0,0.0,0.0,0.0,0.036036036036036,0.0,0.0,0.0,0.0,0.0,0.010869565217391353,1.0,0.4375,0.0,0.0,0.0,0.0,0.9385964912280702,0.0,0.0,0.0,0.00877192982456143,0.0,0.0,0.0,0.0,0.0,0.0,1.0,0.0,0.0,0.17525773195876293,0.020618556701030966,0.0,0.0,0.0,0.0,0.0,0.0,0.0,0.0,0.0,0.0,0.0,0.0,0.0,0.0,0.0,0.0,0.0625,0.0,0.0,0.0,0.0,0.0,1.0,0.01941747572815533,0.0,0.0
0.0,0.0,0.0,0.0,0.0,1.0,1.0,0.0,0.0,1.0,0.0,0.0,0.0,0.0,0.0,0.0,0.0,0.0,0.0,0.05769230769230771,0.0,0.0,0.0,0.0,1.0,1.0,1.0,1.0,0.012658227848101222,0.0,0.0,0.0,0.0,0.0,0.0,0.0,0.0,0.0,0.0,0.020000000000000018,1.0,0.0,0.0,0.0,0.0,0.0,0.0,0.0,0.0,0.01834862385321101,0.0,0.0,1.0,0.4811320754716981,0.0,0.0,0.0,0.0,0.9195402298850575,0.0,0.0,0.0,0.03448275862068961,0.009615384615384581,0.0,0.0,0.0,0.0,0.0,1.0,0.0,0.0,0.05747126436781613,0.0,0.0,0.0,0.0,0.0,0.0,0.0,0.0,0.0,0.0,0.008620689655172376,0.0,0.0,0.0,0.0,0.0,0.010101010101010055,0.16161616161616166,0.010101010101010055,0.0,0.0,0.0,0.008620689655172376,1.0,0.0,0.0,0.0
0.0,0.0,0.0,0.0,0.0,1.0,1.0,0.0,0.0,1.0,0.0,0.0,0.0,0.0,0.0,0.00990099009900991,0.0,0.010638297872340385,0.0,0.00990099009900991,0.0,0.0,0.0,0.0,1.0,1.0,1.0,1.0,0.02020202020202022,0.0,0.0,0.0,0.0,0.0,0.0,0.0,0.0,0.0,0.0,0.01941747572815533,1.0,0.0,0.0,0.0,0.00952380952380949,0.0,0.0,0.0,0.0,0.010000000000000009,0.0,0.010000000000000009,1.0,0.48571428571428577,0.0,0.0,0.0,0.0,0.8316831683168316,0.0,0.0,0.0,0.02970297029702973,0.00917431192660545,0.0,0.0,0.0,0.0,0.0,1.0,0.0,0.0,0.04705882352941182,0.0,0.0,0.009615384615384581,0.0,0.0,0.0,0.0,0.0,0.0,0.0,0.009433962264150941,0.0,0.0,0.0,0.0,0.0,0.0,0.05714285714285716,0.0,0.0,0.0,0.0,0.0,1.0,0.0,0.0,0.0
0.0,0.0,0.009708737864077666,0.0,0.0,1.0,1.0,0.0,0.0,1.0,0.0,0.0,0.0,0.0,0.0,0.010101010101010055,0.009009009009009028,0.0,0.0,0.08080808080808077,0.0,0.0,0.0,0.0,1.0,1.0,1.0,1.0,0.021052631578947323,0.0,0.0,0.0,0.0,0.0,0.0,0.0,0.0,0.017094017094017144,0.0,0.0,1.0,0.0,0.0,0.0,0.009708737864077666,0.03418803418803418,0.0,0.0,0.0,0.0,0.0,0.0,1.0,0.4854368932038835,0.0,0.0,0.0,0.0,0.8064516129032258,0.0,0.0,0.0,0.053763440860215006,0.021505376344086002,0.0,0.0,0.0,0.0,0.0,1.0,0.0,0.0,0.0490196078431373,0.009803921568627416,0.019607843137254943,0.0,0.0,0.0,0.0,0.0,0.010752688172043001,0.010752688172043001,0.0,0.009803921568627416,0.0,0.0,0.0,0.0,0.0,0.0,0.06999999999999995,0.010000000000000009,0.0,0.0,0.0,0.0,1.0,0.0,0.0,0.036036036036036
0.0,0.0,0.0,0.0,0.0,1.0,1.0,0.0,0.0,1.0,0.0,0.0,0.0,0.0,0.0,0.0,0.0,0.0,0.0,0.021505376344086002,0.0,0.0,0.0,0.0,1.0,1.0,1.0,1.0,0.0,0.0,0.0,0.0,0.0,0.0,0.0,0.0,0.0,0.0,0.0,0.010204081632653073,1.0,0.0,0.0,0.0,0.0,0.010204081632653073,0.0,0.0,0.0,0.009345794392523366,0.0,0.009345794392523366,1.0,0.46739130434782605,0.0,0.0,0.0,0.0,0.8991596638655462,0.0,0.0,0.0,0.05882352941176472,0.0,0.0,0.0,0.0,0.0,0.0,1.0,0.0,0.0,0.04950495049504955,0.0,0.0,0.0,0.0035842293906810374,0.0,0.0,0.0,0.00990099009900991,0.0,0.0,0.030000000000000027,0.0,0.0,0.0,0.0,0.0,0.0,0.05319148936170215,0.010638297872340385,0.0,0.0,0.0,0.0,1.0,0.0,0.0,0.0
0.0,0.0,0.0,0.0,0.0,1.0,1.0,0.0,0.0,1.0,0.0,0.0,0.0,0.009803921568627416,0.0,0.019607843137254943,0.0,0.0,0.0,0.039215686274509776,0.0,0.0,0.017241379310344862,0.0,1.0,1.0,1.0,1.0,0.0,0.0,0.0,0.0,0.0,0.0,0.0,0.0,0.0,0.0,0.0,0.0,1.0,0.0,0.0,0.0,1.0,0.0,0.0,0.0,0.0,0.020408163265306145,0.0,0.0,1.0,0.5128205128205128,0.0,0.0,0.0,0.0,0.9537037037037037,0.0,0.0,0.0,0.01851851851851849,0.0,0.0,0.0,0.0,0.0,0.0,1.0,0.009433962264150941,0.0,0.1132075471698113,0.009433962264150941,0.0,0.0,0.0,0.0,0.0,0.0,0.0,0.009009009009009028,0.0,0.01041666666666663,0.0,0.0,0.0,0.0,0.0,0.0,0.0505050505050505,0.010101010101010055,0.0,0.030303030303030276,0.0,0.0,1.0,0.0,0.0,0.009009009009009028
0.0,0.0,0.0,0.0,0.0,1.0,1.0,0.0,0.0,1.0,0.0,0.0,0.0,0.0,0.0,0.0,0.0,0.0,0.0,0.03669724770642202,0.0,0.0,0.0,0.0,1.0,1.0,1.0,1.0,0.0,0.0,0.0,0.0,0.0,0.0,0.0,0.0,0.0,0.0,0.00952380952380949,0.0,1.0,0.0,0.0,0.0,0.00952380952380949,0.021505376344086002,0.0,0.0,0.01904761904761909,0.0,0.0,0.0,1.0,0.4380952380952381,0.0,0.0,0.0,0.0,0.9545454545454546,0.0,0.0,0.0,0.07272727272727275,0.0,0.0,0.0,0.0,0.0,0.0,1.0,0.0,0.0,0.09090909090909094,0.0,0.0,0.0,0.0,0.0,0.0,0.0,0.0,0.0,0.0,0.03960396039603964,0.0,0.0,0.0,0.011363636363636354,0.0,0.0,0.0714285714285714,0.0,0.0,0.0,0.0,0.0,1.0,0.0,0.0,0.0
0.0,0.0,0.0,0.0,0.0,1.0,1.0,0.0,0.0,1.0,0.0,0.0,0.0,0.0,0.0,0.0,0.0,0.0,0.0,0.02409638554216864,0.0,0.0,0.0,0.0,1.0,1.0,1.0,1.0,0.0,0.0,0.0,0.0,0.0,0.0,0.0,0.0,0.0,0.0,0.0,0.0,1.0,0.0,0.0,0.0,0.0,0.0,0.0,0.0,0.009345794392523366,0.0,0.0,0.019607843137254943,1.0,0.5046728971962617,0.0,0.0,0.0,0.0,0.8444444444444444,0.0,0.0,0.0,0.011111111111111072,0.0,0.0,0.0,0.0,0.0,0.0,1.0,0.0,0.0,0.061855670103092786,0.0,0.0,0.0,0.0,0.0,0.0,0.0,0.0,0.0,0.0,0.010638297872340385,0.0092592592592593,0.0,0.0,0.0,0.0,0.0,0.134453781512605,0.0,0.0,0.0,0.0,0.0,1.0,0.0,0.0,0.0
0.0,0.0,0.0,0.0,0.0,1.0,1.0,0.0,0.0,1.0,0.0,0.0,0.0,0.0,0.0,0.0,0.0,0.0,0.0,0.06796116504854366,0.0,0.0,0.010752688172043001,0.0,1.0,1.0,1.0,1.0,0.021505376344086002,0.0,0.0,0.0,0.0,0.0,0.0,0.0,0.0,0.0,0.0,0.009090909090909038,1.0,0.0,0.0,0.0,0.00917431192660545,0.0,0.0,0.0,0.0,0.0,0.0,0.0,1.0,0.47706422018348627,0.0,0.0,0.0,0.0,0.8645833333333334,0.0,0.0,0.0,0.0625,0.0,0.009433962264150941,0.0,0.0,0.0,0.0,1.0,0.0,0.0,0.0854700854700855,0.0,0.0,0.0,0.0,0.0,0.0,0.0,0.0,0.0,0.0,0.022222222222222254,0.0,0.0,0.0,0.010309278350515427,0.0,0.0,0.13095238095238093,0.011904761904761862,0.0,0.0,0.0,0.0,1.0,0.0,0.0,0.0
0.0,0.0,0.0,0.0,0.0,1.0,1.0,0.0,0.0,1.0,0.0,0.0,0.0,0.0,0.0,0.0,0.0,0.0,0.0,0.01834862385321101,0.0,0.0,0.0,0.0,1.0,1.0,1.0,1.0,0.0,0.0,0.0,0.0,0.0,0.0,0.0,0.0,0.0,0.0,0.0,0.0,1.0,0.0,0.0,0.0,0.0,0.0117647058823529,0.0,0.0,0.00952380952380949,0.010101010101010055,0.0,0.030303030303030276,1.0,0.49523809523809526,0.0,0.0,0.0,0.0,0.9052631578947369,0.03260869565217395,0.0,0.0,0.0736842105263158,0.01041666666666663,0.0,0.0,0.0,0.0,0.0,1.0,0.0,0.0,0.08490566037735847,0.0,0.0,0.0,0.0,0.0,0.0,0.0,0.0,0.0,0.0,0.0117647058823529,0.0,0.0,0.0,0.010869565217391353,0.0,0.0,0.12727272727272732,0.0,0.0,0.0,0.0,0.0,1.0,0.0,0.0,0.008064516129032251
0.0,0.0,0.0,0.0,0.0,1.0,1.0,0.0,0.0,1.0,0.0,0.0,0.0,0.0,0.0,0.018018018018018056,0.0,0.0,0.0,0.05405405405405406,0.0,0.0,0.0,0.0,1.0,1.0,1.0,1.0,0.016949152542372836,0.0,0.0,0.0,0.0,0.0,0.0,0.0,0.0,0.0,0.0,0.028301886792452824,1.0,0.0,0.0,0.0,0.0,0.0,0.0,0.0,0.0,0.0,0.0,0.0,1.0,0.48351648351648346,0.0,0.0,0.0,0.0,0.8440366972477065,0.0,0.0,0.0,0.02752293577981646,0.008928571428571397,0.0,0.0,0.0,0.0,0.0,1.0,0.0,0.0,0.06666666666666665,0.0,0.0,0.00990099009900991,0.0,0.0,0.0,0.0,0.0,0.0,0.0,0.02857142857142858,0.0,0.0,0.0,0.0,0.0,0.0,0.0674157303370787,0.0,0.0,0.0,0.0,0.00952380952380949,1.0,0.0,0.0,0.010000000000000009
0.0,0.0,0.0,0.0,0.0,1.0,1.0,0.0,0.0,1.0,0.0,0.0,0.0,0.0,0.0,0.0,0.0,0.00917431192660545,0.0,0.09278350515463918,0.0,0.0,0.0,0.0,1.0,1.0,1.0,1.0,0.0,0.0,0.0,0.0,0.0,0.0,0.0,0.0,0.0,0.0,0.0,0.008928571428571397,1.0,1.0,1.0,0.0,0.0,0.0357142857142857,0.0,0.0,0.0,0.021739130434782594,0.0,0.010869565217391353,1.0,0.4464285714285714,0.0,0.0,0.0,0.0,0.8736842105263158,0.0,0.0,0.0,0.052631578947368474,0.0,0.0,0.0,0.0,0.0,0.0,1.0,0.0,0.0,0.04587155963302747,0.0,0.00917431192660545,0.0,0.0031847133757961776,0.0,0.0,0.0,0.0,0.0,0.0,0.04705882352941182,0.0,0.0,0.0,0.0,0.0,0.0,0.13461538461538458,0.0,0.0,0.0,0.0,0.0,1.0,0.0,0.0,0.0
0.0,0.0,0.0,0.0,0.0,1.0,1.0,0.0,0.0,1.0,0.0,0.0,0.0,0.0,0.0,0.0,0.0,0.0,0.0,0.053763440860215006,0.00877192982456143,0.0,0.0,0.0,1.0,1.0,1.0,1.0,0.010101010101010055,0.0,0.0,0.0,0.0,0.0,0.0,0.010101010101010055,0.0,0.0,0.0,0.010309278350515427,1.0,0.0,0.0,0.0,0.0,0.0,0.010309278350515427,0.0,0.009708737864077666,0.0,0.0,0.0,1.0,0.6699029126213591,0.0,0.0,0.0,0.009433962264150941,0.9245283018867925,0.0,0.0,0.0,0.05660377358490565,0.0,0.0,0.0,0.0,0.0,0.0,1.0,0.0,0.0,0.059523809523809534,0.0,0.0,0.0,0.0,0.0,0.0,0.0,0.0,0.0,0.0,0.04123711340206182,0.0,0.0,0.0,0.0,0.0,0.0,0.09523809523809523,0.00952380952380949,0.0,0.0,0.0,0.010309278350515427,1.0,0.0,0.0,0.0
0.0,0.0,0.0,0.0,0.0,1.0,1.0,0.0,0.0,1.0,0.0,0.0,0.0,0.0,0.0,0.0,0.0,0.0,0.0,0.06000000000000005,0.0,0.0,0.0,0.0,1.0,1.0,1.0,1.0,0.0,0.0,0.0,0.0,0.0,0.0,0.0,0.0,0.0,0.0,0.0,0.01098901098901095,1.0,0.0,0.0,0.0,0.0,0.0,0.0,0.0,0.0,0.0,0.0,0.01041666666666663,1.0,0.4838709677419355,0.0,0.0,0.0,0.0,0.8666666666666667,0.0,0.0,0.0,0.05555555555555558,0.0,0.0,0.0,0.0,0.0,0.0,1.0,0.0,0.0,0.07826086956521738,0.0,0.0,0.0,0.0,0.0,0.0,0.0,0.0,0.0,0.0,0.017241379310344862,0.0,0.0,0.0,0.0,0.0,0.0,0.06451612903225812,0.0,0.0,0.0,0.0,0.008620689655172376,1.0,0.0,0.0,0.0
0.0,0.0,0.0,0.0,0.0,1.0,1.0,0.0,0.0,1.0,0.0,0.0,0.0,0.0,0.0,0.010101010101010055,0.011904761904761862,0.0,0.0,0.010101010101010055,0.0,0.0,0.0,0.0,1.0,1.0,1.0,1.0,0.0,0.0,0.0,0.0,0.0,0.0,0.0,0.0,0.0,0.0,0.0,0.010752688172043001,1.0,0.0,0.0,0.0,0.0,0.0,0.0,0.0,0.0,0.020000000000000018,0.0,0.0,1.0,0.4653465346534653,0.0,0.0,0.0,0.0,0.8571428571428572,0.0,0.0,0.0,0.06666666666666665,0.0,0.0,0.0,0.0,0.0,0.0,1.0,0.0,0.0,0.06666666666666665,0.0,0.0,0.0,0.0,0.0,0.0,0.0,0.0,0.0,0.0,0.058252427184465994,0.0,0.0,0.0,0.0,0.0,0.0,0.08181818181818179,0.0,0.009090909090909038,0.0,0.0,0.0,1.0,0.0,0.0,0.0
0.0,0.0,0.0,0.0,0.0,1.0,1.0,0.0,0.0,1.0,0.0,0.0,0.0,0.0,0.0,0.0,0.0,0.0,0.010752688172043001,0.053763440860215006,0.0,0.0,0.0,0.0,1.0,1.0,1.0,1.0,0.01941747572815533,0.0,0.0,0.0,0.0,0.0,0.0,0.0,0.0,0.0,0.0,0.0,1.0,0.0,0.0,0.0,0.0,0.009708737864077666,0.0,0.0,0.0,0.011363636363636354,0.0,0.011363636363636354,1.0,0.49056603773584906,0.0,0.0,0.0,0.0,0.8928571428571429,0.0,0.0,0.0,0.0714285714285714,0.0,0.0,0.0,0.0,0.0,0.0,1.0,0.0,0.0,0.0854700854700855,0.0,0.0,0.0,0.0,0.0,0.0,0.0,0.0,0.0,0.0,0.020000000000000018,0.0,0.0,0.0,0.0,0.0,0.0,0.12765957446808507,0.010638297872340385,0.0,0.0,0.0,0.0,1.0,0.0,0.0,0.0
0.0,0.0,0.0,0.0,0.0,1.0,1.0,0.0,0.0,1.0,0.0,0.0,0.0,0.0,0.0,0.0,0.02083333333333337,0.0,0.0,0.013513513513513487,0.0,0.0,0.0,0.0,1.0,1.0,1.0,1.0,0.009090909090909038,0.0,0.0,0.0,0.0,0.0,0.0,0.0,0.0,0.0,0.0,0.025423728813559365,1.0,0.0,0.0,0.0,0.0,0.0,0.0,0.0,0.009708737864077666,0.0,0.0,0.01680672268907568,1.0,0.41747572815533984,0.0,0.0,0.0,0.0,0.8571428571428572,0.0,0.0,0.0,0.059523809523809534,0.0,0.0,0.0,0.0,0.0,0.0,1.0,0.0,0.0,0.017094017094017144,0.0,0.008547008547008517,0.0117647058823529,0.0,0.0,0.0,0.0,0.0,0.0,0.0,0.030000000000000027,0.0,0.0,0.0,0.010000000000000009,0.0,0.0,0.03749999999999998,0.012499999999999956,0.0,0.0,0.0,0.0,1.0,0.0,0.0,0.0
0.0,0.0,0.0,0.0,0.0,1.0,1.0,0.0,0.0,1.0,0.0,0.0,0.0,0.0,0.0,0.0,0.0,0.0,0.009803921568627416,0.02941176470588236,0.0,0.0,0.0,0.0,1.0,1.0,1.0,1.0,0.0,0.0,0.0,0.0,0.0,0.0,0.0,0.0,0.0,0.0,0.0,0.0,1.0,0.0,0.0,0.0,0.0,0.017699115044247815,0.0,0.0,0.010000000000000009,0.0,0.0,0.01851851851851849,1.0,0.5,0.0,0.0,0.0,0.0,0.84375,0.0,0.0,0.0,0.04166666666666663,0.0,0.0,0.0,0.0,0.0,0.0,1.0,0.0,0.0,0.02352941176470591,0.0,0.0,0.0,0.0,0.0,0.0,0.0,0.0,0.0,0.0,0.010309278350515427,0.0,0.0,0.0,0.0,0.0,0.0,0.11458333333333337,0.0,0.0,0.0,0.0,0.0,1.0,0.0,0.0,0.0
0.0,0.0,0.0,0.0,0.0,1.0,1.0,0.0,0.0,1.0,0.0,0.0,0.0,0.0,0.0,0.0,0.0,0.0,0.0,0.05714285714285716,0.0,0.0,0.0,0.0,1.0,1.0,1.0,1.0,0.0,0.0,0.0,0.0,0.0,0.0,0.0,0.0,0.0,0.0,0.0,0.0,1.0,0.0,0.0,0.0,0.0,0.0,0.0,0.0,0.021739130434782594,0.024793388429752095,0.0,0.0,1.0,0.5108695652173914,0.0,0.0,0.0,0.0,0.9090909090909091,0.0,0.0,0.0,0.05681818181818177,0.0,0.0,0.0,0.0,0.0,0.009345794392523366,1.0,0.0,0.0,0.04938271604938271,0.0,0.0,0.0,0.0,0.0,0.0,0.0,0.0,0.0,0.0,0.011363636363636354,1.0,0.0,0.0,0.0,0.0,0.0,0.07954545454545459,0.0,0.0,0.0,0.0,0.0,1.0,0.0,0.0,0.0
0.0,0.0,0.0,0.0,0.0,1.0,1.0,0.0,0.0,1.0,0.0,0.0,0.0,0.0,0.0,0.00952380952380949,0.0,0.011111111111111072,0.0,0.04761904761904767,0.0,0.0,0.0,0.0,1.0,1.0,1.0,1.0,0.009345794392523366,0.0,0.0,0.0,0.0,0.0,0.0,0.0,0.0,0.0,0.010309278350515427,0.018867924528301883,1.0,0.0,0.0,0.0,0.0,0.06603773584905659,0.0,0.0,0.030927835051546393,0.0,0.0,0.01980198019801982,1.0,0.48453608247422686,0.0,0.0,0.0,0.0,0.9369369369369369,0.0,0.0,0.0,0.04504504504504503,0.0,0.0,0.0,0.0,0.0,0.0,1.0,0.0,0.0,0.06666666666666665,0.0,0.0,0.0,0.0,0.0,0.0,0.0,0.0,0.0,0.0,0.025316455696202556,0.0,0.0,0.0,0.0,0.0,0.0,0.07547169811320753,0.009433962264150941,0.0,0.0,0.0,0.012658227848101222,1.0,0.0,0.0,0.0
0.0,0.0,0.0,0.0,0.0,1.0,1.0,0.0,0.0,1.0,0.0,0.0,0.0,0.0,0.0,0.0,0.0,0.0,0.0,0.061855670103092786,0.0,0.0,0.0,0.0,1.0,1.0,1.0,1.0,0.0,0.0,0.010101010101010055,0.0,0.0,0.0,0.0,0.0,0.0,0.0,0.0,0.0,1.0,0.0,0.0,0.0,0.0,0.01754385964912286,0.00877192982456143,0.0,0.0,0.0,0.0,0.009009009009009028,1.0,0.4690265486725663,0.0,0.0,0.0,0.0,0.9259259259259259,0.0,0.0,0.0,0.08333333333333337,0.013513513513513487,0.0,0.0,0.0,0.0,0.0,1.0,0.0,0.0,0.06999999999999995,0.0,0.0,0.0,0.0,0.0,0.0,0.0,0.0,0.0,0.0,0.020408163265306145,0.0,0.0,0.0,0.0,0.0,0.0,0.13559322033898302,0.008474576271186418,0.0,0.0,0.0,0.0,1.0,0.0,0.0,0.0
0.0,0.0,0.0,0.0,0.0,1.0,1.0,0.0,0.0,1.0,0.0,0.0,0.0,0.0,0.0,0.0,0.0,0.0,0.016000000000000014,0.03200000000000003,0.0,0.0,0.0,0.0,1.0,1.0,1.0,1.0,0.01041666666666663,0.0,0.0,0.0,0.0,0.0,0.0,0.0,0.0,0.0,0.0,0.02083333333333337,1.0,0.0,0.0,0.0,0.0,0.0,0.0,0.0,0.02564102564102566,0.0,0.0,0.0,1.0,0.4786324786324786,0.0,0.0,0.0,0.0,0.8974358974358975,0.0,0.0,0.0,0.02564102564102566,0.0,0.0,0.0,0.0,0.0,0.0,1.0,0.0,0.0,0.06730769230769229,0.0,0.0,0.0,0.0,0.0,0.0,0.0,0.0,0.0,0.0,0.02970297029702973,1.0,0.0,0.0,0.0,0.0,0.0,0.08653846153846156,0.009615384615384581,0.0,0.0,0.0,0.0,1.0,0.0,0.00990099009900991,0.0
0.0,0.0,0.0,0.0,0.0,1.0,1.0,0.0,0.0,1.0,0.0,0.0,0.0,0.0,0.0,0.0,0.0,0.0,0.0,0.02857142857142858,0.0,0.0,0.0,0.0,1.0,1.0,1.0,1.0,0.0,0.0,0.0,0.0,0.0,0.0,0.0,0.0,0.0,0.0,0.0,0.0,1.0,0.0,0.0,0.0,0.0,0.0,0.0,0.0,0.010309278350515427,0.017391304347826098,0.0,0.0,1.0,0.44329896907216493,0.0,0.0,0.0,0.0,0.898876404494382,0.0,0.0,0.0,0.101123595505618,0.0,0.0,0.0,0.0,0.0,0.0,1.0,0.0,0.0,0.050000000000000044,0.0,0.0,0.00990099009900991,0.0,0.0,0.0,0.0,0.0,0.0,0.0,0.00917431192660545,0.0,0.0,0.0,0.0,0.0,0.0,0.04672897196261683,0.0,0.0,0.0,0.0,0.00917431192660545,1.0,0.009433962264150941,0.0,0.0
0.0,0.0,0.0,0.0,0.0,1.0,1.0,0.0,0.0,1.0,0.0,0.0,0.0,0.009708737864077666,0.0,0.009708737864077666,0.0,0.0,0.0,0.04854368932038833,0.0,0.0,0.0,0.0,1.0,1.0,1.0,1.0,0.0,0.0,0.0,0.0,0.0,0.0,0.0,0.0,0.0,0.0,0.0,0.01941747572815533,1.0,0.0,0.0,0.0,0.0,0.03883495145631066,0.0,0.0,0.016260162601625994,0.0,0.0,0.01904761904761909,1.0,0.4552845528455285,0.0,0.0,0.0,0.0,0.8673469387755102,0.0,0.0,0.0,0.020408163265306145,0.0,0.0,0.0,0.0,0.0,0.0,1.0,0.0,0.0,0.06862745098039214,0.0,0.0,0.0,0.0,0.0,0.0,0.0,0.0,0.0,0.0,0.034782608695652195,0.0,0.0,0.0,0.0,0.0,0.0,0.07999999999999996,0.0,0.0,0.0,0.0,0.0,1.0,0.009345794392523366,0.0,0.009345794392523366
0.0,0.0,0.0,0.0,0.0,1.0,1.0,0.0,0.0,1.0,0.0,0.0,0.0,0.0,0.0,0.0,0.0,0.0,0.0,0.03125,0.0,0.0,0.010101010101010055,0.0,1.0,1.0,1.0,1.0,0.0,0.0,0.0,0.0,0.0,0.0,0.0,0.0,0.0,0.0,0.0,0.01904761904761909,1.0,0.0,0.0,0.0,0.010101010101010055,0.02857142857142858,0.0,0.0,0.0,0.009803921568627416,0.0,0.0,1.0,0.16161616161616166,0.0,0.0,0.0,0.0,0.9026548672566371,0.0,0.0,0.0,0.04424778761061943,0.0,0.030927835051546393,0.0,0.0,0.0,0.0,1.0,0.0,0.0,0.020408163265306145,0.0,0.0,0.0,0.0,0.0,0.0,0.0,0.0,0.0,0.0,0.043010752688172005,0.0,0.0,0.0,0.0,0.0,0.0,0.05940594059405946,0.0,0.0,0.0,0.0,0.0,1.0,0.0,0.0,0.009803921568627416
0.0,0.0,0.0,0.0,0.0,1.0,1.0,0.0,0.0,1.0,0.0,0.0,0.0,0.0,0.0,0.010000000000000009,0.0,0.0,0.0,0.010000000000000009,0.0,0.0,0.0,0.0,1.0,1.0,1.0,1.0,0.0,0.0,0.0,0.0,0.0,0.0,0.0,0.0,0.0,0.0,0.00990099009900991,0.01869158878504673,1.0,0.0,0.0,0.0,0.0,0.01869158878504673,0.0,0.0,0.0,0.0,0.0,0.0,1.0,0.6633663366336633,0.0,0.0,0.0,0.0,1.0,0.0,0.0,0.0,0.061224489795918324,0.0,0.0,0.0,0.0,0.0,0.0,1.0,0.0,0.0,0.0892857142857143,0.0,0.0,0.0,0.0,0.0,0.0,0.0,0.0,0.0,0.0,0.023255813953488413,0.0,0.0,0.0,0.0,0.0,0.0092592592592593,0.08333333333333337,0.0,0.0,0.0,0.0,0.0,1.0,0.0,0.0,0.0
0.0,0.0,0.0,0.0,0.0,1.0,1.0,0.0,0.0,1.0,0.0,0.0,0.0,0.0,0.0,0.0,0.0,0.0,0.0,0.011111111111111072,0.0,0.0,0.0,0.0,1.0,1.0,1.0,1.0,0.0,0.0,0.0,0.0,0.0,0.0,0.0,0.0,0.0,0.0,0.0,0.0,1.0,0.0,0.0,0.0,0.028301886792452824,0.047244094488189003,0.0,0.0,0.009433962264150941,0.0,0.0,0.0,1.0,0.4811320754716981,0.0,0.0,0.0,0.0,1.0,0.0,0.0,0.0,0.047169811320754707,0.0,0.010309278350515427,0.0,0.0,0.0,0.0,1.0,0.0,0.0,0.0490196078431373,0.0,0.0,0.0,0.0,0.0,0.0,0.0,0.0,0.0,0.0,0.020408163265306145,0.24691358024691357,0.0,0.0,0.0,0.0,0.0,0.12380952380952381,0.0,0.0,0.0,0.0,0.0,1.0,0.0,0.0,0.0
0.0,0.0,0.0,0.0,0.0,1.0,1.0,0.0092592592592593,0.0,1.0,0.0092592592592593,0.0,0.0,0.0,0.0,0.0,0.0,0.0,0.0,0.03883495145631066,0.0,0.0,0.0,0.0,1.0,1.0,1.0,1.0,0.0,0.0,0.0,0.0,0.0,0.0,0.0,0.016528925619834656,0.0,0.009345794392523366,0.009803921568627416,0.009345794392523366,1.0,0.0,0.0,0.0,0.0,0.04672897196261683,0.0,0.0,0.009803921568627416,0.0,0.0,0.0,1.0,0.4901960784313726,0.0,0.0,0.0,0.0,1.0,0.0,0.0,0.0,0.010869565217391353,0.0,0.0,0.0,0.0,0.0,0.0,1.0,0.0,0.0,0.0625,0.0,0.0,0.0,0.0,0.0,0.0,0.0,0.010526315789473717,0.0,0.0,0.03260869565217395,0.0,0.0,0.0,0.0,0.0,0.0,0.11340206185567014,0.0,0.0,0.0,0.0,0.010869565217391353,1.0,0.0,0.0,0.0
0.0,0.0,0.0,0.0,0.0,1.0,1.0,0.0,0.0,1.0,0.0,0.0,0.0,0.0,0.0,0.0,0.0,0.0,0.0,0.020618556701030966,0.0,0.0,0.0,0.0,1.0,1.0,1.0,1.0,0.01098901098901095,0.0,0.0,0.0,0.0,0.0,0.0,0.0,0.0,0.0,0.0,0.0,1.0,0.0,0.0,0.0,0.0,0.0,0.0,0.0,0.009803921568627416,0.0,0.0,0.0,1.0,0.4607843137254902,0.0,0.0,0.0,0.0,0.8598130841121495,0.0,0.0,0.0,0.028037383177570097,0.0,0.0,0.0,0.0,0.0,0.0,1.0,0.0,0.0,0.06666666666666665,0.0,0.0,0.0,0.0,0.0,0.0,0.0,0.0,0.0,0.0,0.01904761904761909,0.0,0.0,0.0,0.0,0.0,0.0,0.05555555555555558,0.0,0.0,0.0,0.0,0.0,1.0,0.0,0.0,0.0
0.0,0.0,0.0,0.0,0.0,1.0,1.0,0.0,0.0,1.0,0.0,0.0,0.0,0.0,0.0,0.0,0.0,0.0,0.0,0.05813953488372092,0.0,0.0,0.0,0.0,1.0,1.0,1.0,1.0,0.010638297872340385,0.0,0.0,0.0,0.0,0.0,0.0,0.0,0.0,0.0,0.0,0.0,1.0,0.0,0.0,0.0,0.0,0.0092592592592593,0.0,0.0,0.0,0.0,0.0,0.020000000000000018,1.0,0.48913043478260865,0.0,0.0,0.0,0.0,0.892156862745098,0.0,0.0,0.0,0.08823529411764708,0.0,0.0,0.0,0.0,0.0,0.0,1.0,0.0,0.0,0.05102040816326525,0.0,0.0,0.0,0.0,0.0,0.0,0.0,0.0,0.0,0.0,0.019230769230769273,0.009803921568627416,0.0,0.0,0.0,0.0,0.0,0.1132075471698113,0.009433962264150941,0.009433962264150941,0.0,0.0,0.0,1.0,0.0,0.0,0.0
0.0,0.0,0.0,0.0,0.0,1.0,1.0,0.0,0.0,1.0,0.0,0.0,0.0,0.0,0.0,0.0,0.0,0.0,0.0,0.03157894736842104,0.0,0.0,0.010204081632653073,0.0,1.0,1.0,1.0,1.0,0.0,0.0,0.0,0.010101010101010055,0.0,0.0,0.0,0.0,0.0,0.0,0.0,0.0092592592592593,1.0,0.0,0.0,0.0,0.0,0.0,0.0,0.0,0.009803921568627416,0.0,0.0,0.0,1.0,0.47058823529411764,0.0,0.0,0.0,0.0,0.8837209302325582,0.0,0.0,0.0,0.03488372093023251,0.0,0.0,0.0,0.0,0.0,0.0,1.0,0.0,0.0,0.07339449541284404,0.0,0.0,0.0,0.0,0.0,0.0,0.0,0.0,0.0,0.0,0.020408163265306145,0.0,0.0,0.0,0.0,0.0,0.0,0.0337078651685393,0.0,0.0,0.0,0.0,0.0,1.0,0.0,0.0,0.0
0.0,0.0,0.0,0.0,0.0,1.0,1.0,0.0,0.0,1.0,0.0,0.0,0.0,0.0,0.0,0.0,0.0,0.0,0.0,0.04040404040404044,0.0,0.0,0.0,0.0,1.0,1.0,1.0,1.0,0.0,0.0,0.0,0.0,0.0,0.0,0.0,0.0,0.0,0.0,0.010101010101010055,0.0,1.0,0.0,0.0,0.0,0.0,0.021505376344086002,0.0,0.0,0.0,0.0,0.0,0.008928571428571397,1.0,0.48484848484848486,0.0,0.0,0.0,0.0,0.9207920792079208,0.0,0.0,0.0,0.04950495049504955,0.0,0.0,0.0,0.0,0.0,0.009433962264150941,1.0,0.0,0.0,0.01869158878504673,0.0,0.0,0.0,0.0,0.0,0.0,0.0,0.0,0.0,0.0,0.034782608695652195,0.21739130434782605,0.0,0.0,0.0,0.0,0.0,0.07692307692307687,0.009615384615384581,0.0,0.0,0.0,0.0,1.0,0.0,0.0,0.0
0.0,0.0,0.0,0.0,0.0,1.0,1.0,0.0,0.0,1.0,0.00952380952380949,0.0,0.0,0.0,0.0,0.0,0.0,0.0,0.00990099009900991,0.04950495049504955,0.020408163265306145,0.0,0.0,0.0,1.0,1.0,1.0,1.0,0.014084507042253502,0.0,0.0,0.008928571428571397,0.0,0.0,0.0,0.0,0.0,0.0,0.0,0.008695652173912993,1.0,0.0,0.0,0.0,0.0,0.02608695652173909,0.0,0.0,0.0,0.010101010101010055,0.0,0.010101010101010055,1.0,0.5145631067961165,0.0,0.0,0.0,0.0,0.9067796610169492,0.0,0.0,0.0,0.016949152542372836,0.0,0.0,0.009433962264150941,0.0,0.0,0.009433962264150941,1.0,0.0,0.0,0.04255319148936165,0.0,0.0,0.0,0.0,0.0,0.0,0.0,0.0,0.0,0.0,0.046511627906976716,0.0,0.0,0.0,0.0,0.0,0.0,0.09433962264150941,0.0,0.009433962264150941,0.0,0.0,0.0,1.0,0.0,0.0,0.0
0.0,0.0,0.0,0.0,0.0,1.0,1.0,0.0,0.0,1.0,0.0,0.0,0.0,0.0,0.0,0.010101010101010055,0.0,0.0,0.010101010101010055,0.07070707070707072,0.0,0.0,0.0,0.0,1.0,1.0,1.0,1.0,0.009615384615384581,0.0,0.0,0.0,0.0,0.0,0.0,0.0,0.0,0.0,0.0,0.0,1.0,0.0,0.0,0.0,0.0,0.019230769230769273,0.0,0.008403361344537785,0.008403361344537785,0.008547008547008517,0.0,0.008547008547008517,1.0,0.4873949579831933,0.0,0.0,0.0,0.0,0.9021739130434783,0.0,0.0,0.0,0.05434782608695654,0.0,0.0,0.0,0.0,0.0,0.0,1.0,0.0,0.0,0.017094017094017144,0.008547008547008517,0.0,0.0,0.0,0.0,0.0,0.0,0.0,0.0,0.0,0.012820512820512775,0.0,0.0,0.0,0.0,0.0,0.0,0.0625,0.01041666666666663,0.0,0.0,0.0,0.0,1.0,0.0,0.0,0.0
0.0,0.0,0.0,0.009803921568627416,0.0,1.0,1.0,0.0,0.0,1.0,0.0,0.0,0.0,0.0,0.0,0.0,0.00990099009900991,0.0,0.0,0.05882352941176472,0.0,0.0,0.0,0.0,1.0,1.0,1.0,1.0,0.0,0.0,0.0,0.0,0.0,0.0,0.0,0.0,0.0,0.0,0.0,0.023809523809523836,1.0,0.0,0.0,0.0,0.0,0.0357142857142857,0.0,0.0,0.010101010101010055,0.009803921568627416,0.0,0.0490196078431373,1.0,0.4747474747474747,0.0,0.0,0.0,0.0,0.9454545454545454,0.0,0.009090909090909038,0.0,0.009090909090909038,0.0,0.0,0.0,0.011363636363636354,0.0,0.0,1.0,0.0,0.0,0.02941176470588236,0.0,0.0,0.0,0.0,0.0,0.0,0.0,0.0,0.0,0.0,0.0,0.0,0.0,0.0,0.0,0.0,0.0,0.09890109890109888,0.0,0.0,0.0,0.0,0.0,1.0,0.0,0.0,0.0
0.4257425742574258,0.4257425742574258,0.4257425742574258,0.4257425742574258,0.4257425742574258,1.0,1.0,0.4301075268817204,0.4257425742574258,1.0,0.4301075268817204,0.4901960784313726,0.4301075268817204,0.4901960784313726,0.4301075268817204,0.4901960784313726,0.4301075268817204,0.4301075268817204,0.4901960784313726,0.5098039215686274,0.0,0.4301075268817204,0.4893617021276596,0.4421052631578948,1.0,1.0,1.0,1.0,0.4893617021276596,0.4421052631578948,0.4390243902439024,0.4390243902439024,0.4390243902439024,0.4893617021276596,0.4390243902439024,0.4893617021276596,0.4390243902439024,0.32407407407407407,0.41509433962264153,0.32407407407407407,1.0,0.32407407407407407,0.32407407407407407,0.32407407407407407,0.41509433962264153,0.32407407407407407,0.33333333333333337,0.41509433962264153,0.42452830188679247,0.4,0.41509433962264153,0.4,1.0,0.6886792452830188,0.4,0.4,0.37606837606837606,0.37606837606837606,0.8034188034188035,0.4022988505747126,0.3846153846153846,0.37606837606837606,0.37606837606837606,0.40697674418604646,0.0,0.0,0.38596491228070173,0.38596491228070173,0.0,1.0,0.4051724137931034,0.4051724137931034,0.43103448275862066,0.4051724137931034,0.4051724137931034,0.4358974358974359,0.4080996884735203,0.4358974358974359,0.4358974358974359,0.383177570093458,0.4369747899159664,0.4369747899159664,0.3738317757009346,0.47959183673469385,0.3738317757009346,0.0,0.3738317757009346,0.3738317757009346,0.41237113402061853,0.41237113402061853,0.41237113402061853,0.41237113402061853,0.41237113402061853,0.41237113402061853,0.41237113402061853,0.47959183673469385,1.0,0.37234042553191493,0.47959183673469385,0.37234042553191493
0.0,0.0,0.0,0.0,0.0,1.0,1.0,0.0,0.0,1.0,0.0,0.0,0.0,0.0,0.0,0.010101010101010055,0.0,0.0,0.0,0.08080808080808077,0.0,0.0,0.0,0.0,1.0,1.0,1.0,1.0,0.0,0.0,0.0,0.0,0.0,0.0,0.0,0.0,0.0,0.0,0.0,0.009009009009009028,1.0,0.0,0.0,0.0,0.0,0.018018018018018056,0.0,0.0,0.011363636363636354,0.010526315789473717,0.0,0.0,1.0,0.46590909090909094,0.0,0.0,0.0,0.0,0.9056603773584906,0.0,0.0,0.0,0.037735849056603765,0.0,0.0,0.010204081632653073,0.0,0.0,0.0,1.0,0.0,0.0,0.04950495049504955,0.0,0.0,0.0,0.0,0.0,0.0,0.0,0.0,0.0,0.0,0.0092592592592593,0.0,0.0,0.0,0.0,0.0,0.0,0.07407407407407407,0.012345679012345734,0.0,0.0,0.0,0.0,1.0,0.009708737864077666,0.0,0.009708737864077666
0.0,0.0,0.0,0.0,0.0,1.0,1.0,0.0,0.0,1.0,0.0,0.0,0.0,0.0,0.0,0.0,0.0,0.0,0.0,0.037735849056603765,0.0,0.0,0.0,0.0,1.0,1.0,1.0,1.0,0.010638297872340385,0.0,0.0,0.0,0.0,0.0,0.0,0.0,0.0,0.0,0.0,0.00990099009900991,1.0,0.0,0.0,0.0,0.0,0.02970297029702973,0.0,0.0,0.01098901098901095,0.0,0.0,0.0,1.0,0.4945054945054945,0.0,0.0,0.0,0.0,0.8571428571428572,0.0,0.0,0.0,0.017857142857142905,0.00990099009900991,0.0,0.0,0.0,0.0,0.0,1.0,0.0,0.0,0.0736842105263158,0.0,0.0,0.010101010101010055,0.0,0.0,0.0,0.009803921568627416,0.0,0.0,0.0,0.020618556701030966,0.0,0.0,0.0,0.0,0.0,0.0,0.10526315789473684,0.0,0.0,0.0,0.0,0.0,1.0,0.0,0.0,0.0
0.0,0.0,0.0,0.0,0.0,1.0,1.0,0.0,0.0,1.0,0.0,0.0,0.0,0.0,0.0,0.0,0.0,0.0,0.0,0.00952380952380949,0.0,0.0,0.012345679012345734,0.0,1.0,1.0,1.0,1.0,0.012345679012345734,0.0,0.0,0.0,0.0,0.0,0.0,0.0,0.0,0.0,0.010101010101010055,0.0,1.0,0.0,0.0,0.0,0.0,0.05084745762711862,0.0,0.0,0.010101010101010055,0.00952380952380949,0.0,0.02857142857142858,1.0,0.4949494949494949,0.0,0.0,0.0,0.0,0.9340659340659341,0.0,0.0,0.0,0.02197802197802201,0.0,0.0,0.0,0.0,0.0,0.0,1.0,0.0,0.0,0.09473684210526312,0.0,0.0,0.008928571428571397,0.0,0.0,0.0,0.0,0.0,0.01041666666666663,0.0,0.009009009009009028,0.0,0.0,0.0,0.0,0.0,0.0,0.058252427184465994,0.0,0.0,0.0,0.0,0.0,1.0,0.0,0.0,0.01904761904761909
0.0,0.0,0.0,0.0,0.0,1.0,1.0,0.0,0.0,1.0,0.0,0.0,0.0,0.0,0.0,0.009803921568627416,0.0,0.0,0.0,0.05882352941176472,0.0,0.0,0.0,0.0,1.0,1.0,1.0,1.0,0.020408163265306145,0.0,0.0,0.0,0.0,0.0,0.0,0.0,0.0,0.0,0.0,0.0,1.0,0.0,0.0,0.0,0.0,0.0,0.009433962264150941,0.0,0.00877192982456143,0.019230769230769273,0.0,0.0,1.0,0.4649122807017544,0.0,0.0,0.0,0.0,0.8910891089108911,0.0,0.0,0.0,0.03960396039603964,0.0,0.0,0.0,0.0,0.0,0.0,1.0,0.0,0.0,0.06000000000000005,0.0,0.0,0.0,0.0,0.0,0.0,0.0,0.0,0.0,0.0,0.023255813953488413,0.0,0.0,0.0,0.0,0.010101010101010055,0.0,0.07070707070707072,0.0,0.0,0.0,0.0,0.0,1.0,0.0,0.0,0.0
0.0,0.0,0.0,0.0,0.0,1.0,1.0,0.009615384615384581,0.0,1.0,0.0,0.0,0.0,0.0,0.0,0.009009009009009028,0.0,0.0,0.0,0.07207207207207211,0.0,0.0,0.008333333333333304,0.0,1.0,1.0,1.0,1.0,0.0,0.0,0.0,0.0,0.0,0.0,0.0,0.0,0.0,0.0,0.010309278350515427,0.030612244897959218,1.0,0.0,0.0,0.0,0.010309278350515427,0.04081632653061229,0.0,0.0,0.0,0.009433962264150941,0.0,0.0,1.0,0.4742268041237113,0.0,0.0,0.0,0.0,0.9156626506024097,0.0,0.0,0.0,0.02409638554216864,0.008695652173912993,0.0,0.0,0.0,0.0,0.0,1.0,0.0,0.0,0.051724137931034475,0.0,0.0,0.0,0.0,0.0,0.0,0.0,0.016528925619834656,0.0,0.0,0.038461538461538436,0.0,0.0,0.0,0.0,0.0,0.0,0.11627906976744184,0.0,0.0,0.0,0.0,0.0,1.0,0.0,0.0,0.0
1.0,1.0,1.0,0.029126213592232997,0.0,1.0,1.0,0.0,0.0,1.0,0.0,0.01098901098901095,0.0,0.0,0.009009009009009028,0.01098901098901095,0.0,0.0,0.0,0.02197802197802201,0.0,0.0,0.019230769230769273,1.0,1.0,1.0,1.0,1.0,0.019230769230769273,0.0,0.009615384615384581,1.0,0.009615384615384581,0.0,0.009615384615384581,0.009615384615384581,0.0,0.0,0.0,0.0,1.0,0.0,0.0,0.0,0.0,0.02970297029702973,0.0,0.0,0.010638297872340385,0.0,0.0,0.0,1.0,0.5,0.0,0.0,0.0,0.0,0.95,0.0,0.0,0.0,0.050000000000000044,0.0,0.0,0.0,0.0,0.0,0.0,1.0,0.0,0.0,0.07070707070707072,1.0,0.0,0.0,0.0,0.0,0.0,0.0,0.0,0.0,0.008474576271186418,0.0,0.0,0.3728813559322034,0.0,0.0,0.0,0.010204081632653073,0.09183673469387754,0.010204081632653073,0.0,0.0,0.0,0.0,1.0,0.0,0.0,0.0
0.0,0.0,0.0,0.0,0.0,1.0,1.0,0.0,0.0,1.0,0.0,0.0,0.0,0.0,0.0,0.0,0.0,0.0,0.0,0.0490196078431373,0.0,0.0,0.0,0.0,1.0,1.0,1.0,1.0,0.0,0.0,0.0,0.0,0.0,0.0,0.0,0.0,0.0,0.0,0.0,0.022727272727272707,1.0,0.0,0.0,0.0,0.0,0.0,0.011363636363636354,0.0,0.0,0.020000000000000018,0.0,0.0,1.0,0.46464646464646464,0.0,0.0,0.0,0.0,0.8350515463917526,0.0,0.0,0.0,0.05154639175257736,0.0,0.0,0.0,0.0,0.0,0.0,1.0,0.0,0.0,0.04166666666666663,0.0,0.0,0.0,0.0,0.0,0.0,0.0,0.0,0.0,0.0,0.03883495145631066,0.0,0.0,0.0,0.0,0.0,0.0,0.06603773584905659,0.0,0.0,0.0,0.0,0.0,1.0,0.0,0.0,0.0
0.0,0.0,0.0,0.0,0.0,1.0,1.0,0.0,0.0,1.0,0.0,0.0,0.0,0.0,0.0,0.0,0.0,0.0,0.0,0.03960396039603964,0.0,0.0,0.0,0.0,1.0,1.0,1.0,1.0,0.0,0.0,0.0,0.0,0.0,0.0,0.0,0.0,0.0,0.0,0.0,0.0,1.0,0.0,0.0,0.0,0.0,0.0,0.0,0.0,0.0,0.008474576271186418,0.009708737864077666,0.008474576271186418,1.0,0.4854368932038835,0.0,0.0,0.0,0.0,0.8775510204081632,0.0,0.0,0.0,0.05102040816326525,0.01041666666666663,0.0,0.0,0.0,0.0,0.0,1.0,0.0,0.0,0.06730769230769229,0.0,0.0,0.0,0.0,0.0,0.0,0.0,0.0,0.0,0.0,0.01754385964912286,0.0,0.0,0.0,0.0,0.0,0.0,0.07843137254901966,0.009803921568627416,0.009803921568627416,0.0,0.0,0.0,1.0,0.0,0.0,0.0
0.0,0.0,0.0,0.0,0.0,1.0,1.0,0.0,0.0,1.0,0.0,0.0,0.0,0.0,0.0,0.0,0.0,0.0,0.0,0.052631578947368474,0.0,0.0,0.0,0.0,1.0,1.0,1.0,1.0,0.010526315789473717,0.0,0.0,0.0,0.0,0.0,0.0,0.0,0.0,0.0,0.0,0.0,1.0,0.0,0.0,0.0,0.0,0.009803921568627416,0.0,0.0,0.008547008547008517,0.0,0.0,0.011363636363636354,1.0,0.4273504273504274,0.0,0.0,0.0,0.0,0.8333333333333334,0.0,0.0,0.0,0.03703703703703709,0.0,0.0,0.0,0.0,0.0,0.0,1.0,0.0,0.0,0.07999999999999996,0.0,0.0,0.00917431192660545,0.0,0.0,0.0,0.0,0.0,0.0,0.0,0.009433962264150941,0.0,0.0,0.0,0.0,0.0,0.0,0.0625,0.008928571428571397,0.0,0.0,0.0,0.0,1.0,0.0,0.0,0.0
0.0,0.0,0.0,0.0,0.0,1.0,1.0,0.0,0.0,1.0,0.0,0.0,0.0,0.0,0.0,0.0,0.0,0.0,0.0,0.040000000000000036,0.0,0.0,0.0,0.0,1.0,1.0,1.0,1.0,0.010526315789473717,0.0,0.0,0.0,0.0,0.0,0.0,0.0,0.0,0.0,0.0,0.022222222222222254,1.0,0.0,0.0,0.0,0.0,0.0,0.0,0.0,0.011111111111111072,0.0092592592592593,0.0,0.0,1.0,0.4666666666666667,0.0,0.0,0.0,0.0,0.8979591836734694,0.0,0.0,0.0,0.05102040816326525,0.0092592592592593,0.0092592592592593,0.0,0.0,0.0,0.0,1.0,0.0,0.0,0.0888888888888889,0.0,0.0,0.0,0.0,0.0,0.0,0.0,0.0,0.0,0.0,0.0,0.0,0.0,0.0,0.0,0.0,0.0,0.07964601769911506,0.0,0.0,0.0,0.0,0.0,1.0,0.0,0.0,0.0
0.0,0.0,0.0,0.0,0.0,1.0,1.0,0.0,0.0,1.0,0.0,0.0,0.0,0.0,0.0,0.0,0.0,0.0,0.0,0.007874015748031482,0.0,0.0,0.01098901098901095,0.0,1.0,1.0,1.0,1.0,0.01098901098901095,0.0,0.0,0.0,0.0,0.0,0.0,0.0,0.0,0.0,0.0,0.0,1.0,0.0,0.0,0.0,0.0,0.02857142857142858,0.00952380952380949,0.0,0.010204081632653073,0.009345794392523366,0.0,0.0,1.0,0.5102040816326531,0.0,0.0,0.0,0.0,0.8598130841121495,0.0,0.0,0.0,0.07476635514018692,0.0,0.0,0.0,0.0,0.0,0.0,1.0,0.0,0.0,0.05102040816326525,0.0,0.0,0.010204081632653073,0.0,0.0,0.0,0.0,0.0,0.0,0.0,0.010000000000000009,0.0,0.0,0.0,0.0,0.0,0.0,0.07608695652173914,0.0,0.0,0.0,0.0,0.0,1.0,0.0,0.0,0.0
0.0,0.0,0.0,0.0,0.0,1.0,1.0,0.0,0.0,1.0,0.0,0.0,0.0,0.0,0.0,0.010638297872340385,0.0,0.0,0.0,0.05319148936170215,0.0,0.0,0.0,0.0,1.0,1.0,1.0,1.0,0.0,0.0,0.0,0.0,0.0,0.0,0.0,0.0,0.0,0.0,0.0,0.0,1.0,0.0,0.0,0.0,0.0,0.0,0.0,0.0,0.0,0.02564102564102566,0.0,0.0,1.0,0.4554455445544554,0.0,0.0,0.0,0.0,0.84375,0.0,0.0,0.0,0.08333333333333337,0.0,0.0,0.0,0.0,0.0,0.0,1.0,0.0,0.0,0.07692307692307687,0.0,0.0,0.0,0.0,0.0,0.0,0.0,0.0,0.0,0.0,0.01869158878504673,0.0,0.0,0.0,0.0,0.0,0.0,0.03125,0.0,0.0,0.0,0.0,0.0,1.0,0.0,0.0,0.0
0.0,0.0,0.0,0.0,0.0,1.0,1.0,0.0,0.0,1.0,0.0,0.0,0.0,0.0,0.0,0.0,0.0,0.0,0.0,0.03960396039603964,0.0,0.0,0.0,0.0,1.0,1.0,1.0,1.0,0.0,0.0,0.0,0.0,0.0,0.0,0.0,0.0,0.0,0.0,0.0,0.0,1.0,0.0,0.0,0.0,0.0,0.0,0.0,0.0,0.01941747572815533,0.0,0.0,0.01980198019801982,1.0,0.47572815533980584,0.0,0.0,0.0,0.0,0.8617021276595744,0.0,0.0,0.0,0.05319148936170215,0.0,0.0,0.0,0.0,0.0,0.011235955056179803,1.0,0.0,0.0,0.07339449541284404,0.0,0.0,0.009009009009009028,0.0,0.0,0.0,0.0,0.0,0.0,0.0,0.010638297872340385,0.0,0.0,0.0,0.0,0.0,0.0,0.058252427184465994,0.0,0.0,0.0,0.0,0.0,1.0,0.0,0.0,0.0
0.0,0.0,0.0,0.0,0.0,1.0,1.0,0.0,0.0,1.0,0.0,0.0,0.0,0.0,0.0,0.0,0.0,0.0,0.00952380952380949,0.02857142857142858,0.0,0.0,0.0,0.0,1.0,1.0,1.0,1.0,0.0,0.0,0.0,0.0,0.0,0.0,0.0,0.0,0.0,0.0,0.0,0.009345794392523366,1.0,0.0,0.0,0.0,0.0,0.0,0.0,0.0,0.010638297872340385,0.010204081632653073,0.0,0.0,1.0,0.46808510638297873,0.0,0.0,0.0,0.0,0.8267716535433071,0.0,0.0,0.0,0.047244094488189003,0.01980198019801982,0.0,0.0,0.0,0.00952380952380949,0.0,1.0,0.0,0.0,0.0888888888888889,0.0,0.0,0.0,0.0,0.0,0.0,0.0,0.0,0.0,0.0,0.02083333333333337,0.0,0.0,0.0,0.0,0.0,0.0,0.046511627906976716,0.0,0.0,0.0,0.0,0.0,1.0,0.0,0.0,0.0
0.0,0.0,0.0,0.0,0.0,1.0,1.0,0.0,0.0,1.0,0.0,0.0,0.0,0.0,0.0,0.0,0.0,0.0,0.0,0.05714285714285716,0.0,0.0,0.0,0.0,1.0,1.0,1.0,1.0,0.008547008547008517,0.0,0.0,0.0,0.0,0.0,0.0,0.0,0.0,0.0,0.0,0.0,1.0,0.0,0.0,0.0,0.0,0.009803921568627416,0.0,0.0,0.020408163265306145,0.022471910112359605,0.0,0.011235955056179803,1.0,0.4387755102040817,0.0,0.0,0.0,0.21875,0.9166666666666666,0.0,0.0,0.0,0.05208333333333337,0.0,0.0,0.0,0.0,0.0,0.0,1.0,0.0,0.0,0.07070707070707072,0.0,0.0,0.0,0.0,0.0,0.0,0.0,0.0,0.0,0.0,0.03809523809523807,0.30000000000000004,0.0,0.0,0.0,0.0,0.0,0.101010101010101,0.010101010101010055,0.0,0.0,0.0,0.0,1.0,0.0,0.0,0.0
0.0,0.0,0.0,0.0,0.0,1.0,1.0,0.0,0.0,1.0,0.0,0.0,0.0,0.0,0.0,0.0,0.0,0.0,0.0,0.05102040816326525,0.0,0.0,0.01851851851851849,0.0,1.0,1.0,1.0,1.0,0.0,0.0,0.0,0.0,0.0,0.0,0.0,0.0,0.0,0.0,0.0,0.0,1.0,0.0,0.0,0.0,0.0,0.0357142857142857,0.0,0.0,0.0,0.0,0.0,0.03125,1.0,0.45360824742268047,0.0,0.0,0.0,0.23333333333333328,0.8166666666666667,0.0,0.0,0.0,0.01666666666666672,0.0,0.009615384615384581,0.0,0.0,0.0,0.0,1.0,0.0,0.0,0.059523809523809534,0.0,0.0,0.010309278350515427,0.0,0.0,0.0,0.0,0.0,0.0,0.0,0.025862068965517238,0.0,0.0,0.0,0.0,0.0,0.0,0.08490566037735847,0.0,0.0,0.0,0.0,0.0,1.0,0.0,0.0,0.01098901098901095
0.0,0.0,0.0,0.0,0.0,1.0,1.0,0.0,0.0,1.0,0.0,0.0,0.0,0.0,0.0,0.0,0.0,0.0,0.0,0.025210084033613467,0.0,0.0,0.0,0.0,1.0,1.0,1.0,1.0,0.0,0.0,0.0,0.0,0.0,0.0,0.0,0.0,0.0,0.0,0.0,0.008620689655172376,1.0,0.0,0.0,0.0,0.0,0.025862068965517238,0.0,0.0,0.010638297872340385,0.011363636363636354,0.0,0.0,1.0,0.4787234042553191,0.0,0.0,0.0,0.0,0.8645833333333334,0.0,0.01041666666666663,0.0,0.04166666666666663,0.0,0.0,0.0,0.0,0.0,0.0,1.0,0.0,0.0,0.06000000000000005,0.0,0.0,0.0,0.0,0.0,0.0,0.0,0.0,0.0,0.0,0.0,0.202020202020202,0.0,0.0,0.0,0.0,0.0,1.0,0.0,0.0,0.0,0.0,0.0,1.0,0.0,0.0,0.0
0.0,0.0,0.0,0.0,0.0,1.0,1.0,0.0,0.0,1.0,0.0,0.0,0.0,0.0,0.0,0.0,0.0,0.009615384615384581,0.0,0.03448275862068961,0.0,0.0,0.0,0.0,1.0,1.0,1.0,1.0,0.022471910112359605,0.0,0.0,0.0,0.0,0.0,0.0,0.0,0.0,0.0,0.0,0.01834862385321101,1.0,0.0,0.0,0.0,0.0,0.0,0.0,0.0,0.008474576271186418,0.024390243902439046,0.008474576271186418,0.012195121951219523,1.0,0.4491525423728814,0.0,0.0,0.0,0.0,0.8943089430894309,0.0,0.0,0.0,0.024390243902439046,0.021052631578947323,0.0,0.0,0.0,0.0,0.0,1.0,0.0,0.0,0.07017543859649122,0.0,0.00877192982456143,0.0,0.0,0.0,0.0,0.0,0.0,0.0,0.0,0.009615384615384581,0.0,0.0,0.0,0.0,0.0,0.0,0.1477272727272727,0.0,0.0,0.0,0.0,0.0,1.0,0.0,0.0,0.0
0.0,0.0,0.0,0.0,0.0,1.0,1.0,0.0,0.0,1.0,0.0,0.0,0.0,0.0,1.0,0.0,0.0,0.0,0.0,0.05607476635514019,0.0,0.0,0.0,0.0,1.0,1.0,1.0,1.0,0.00877192982456143,0.0,0.0,0.0,0.0,0.0,0.0,0.0,0.0,0.0,0.0,0.0,1.0,0.0,0.0,0.0,0.0,0.0,0.0,0.0,0.030612244897959218,0.0,0.0,0.0,1.0,0.0,0.0,0.0,0.0,0.0,0.8557692307692308,0.0,0.0,0.0,0.038461538461538436,0.0,0.0,0.0,0.0,0.0,0.0,1.0,0.0,0.0,0.06000000000000005,0.0,0.0,0.0,0.0,0.0,0.0,0.0,0.0,0.0,0.0,0.04761904761904767,0.0,0.0,0.0,0.0,0.0,0.0,0.050000000000000044,0.010000000000000009,0.0,0.0,0.0,0.0,1.0,0.0,0.0,0.0
0.0,0.0,0.0,0.0,0.0,1.0,1.0,0.0,0.0,1.0,0.0,0.0,1.0,0.0,0.0,0.008849557522123908,0.0,0.0,0.0,0.026548672566371723,0.0,0.0,0.010638297872340385,0.0,1.0,1.0,1.0,1.0,0.0,0.0,0.0,0.0,0.0,0.0,0.0,0.0,0.0,0.0,0.0,0.009009009009009028,1.0,0.0,0.0,0.0,0.0,0.3063063063063063,0.0,0.0,0.010101010101010055,0.009433962264150941,0.0,0.009433962264150941,1.0,0.505050505050505,0.0,0.0,0.0,0.0,0.8877551020408163,0.0,0.0,0.0,0.020408163265306145,0.00990099009900991,0.0,0.0,0.0,0.0,0.0,1.0,0.011363636363636354,0.011363636363636354,0.13636363636363635,0.011363636363636354,0.0,0.0,0.0,0.0,0.0,0.0,0.0,0.0,0.0,0.009615384615384581,0.0,0.0,0.0,0.009708737864077666,0.0,0.01098901098901095,0.04395604395604391,0.0,0.0,0.0,0.0,0.0,1.0,0.0,0.0,0.0
0.0,0.0,0.0,0.0,0.0,1.0,1.0,0.0,0.0,1.0,0.0,0.0,0.0,0.0,0.0,0.0,0.0,0.0,0.0,0.018018018018018056,0.0,0.0,0.0,0.0,1.0,1.0,1.0,1.0,0.0,0.0,0.0,0.0,0.0,0.0,0.0,0.0,0.0,0.0,0.0,0.00990099009900991,1.0,0.0,0.0,0.0,0.0,0.0,0.0,0.0,0.009708737864077666,0.00917431192660545,0.0,0.0,1.0,0.4854368932038835,0.0,0.0,0.0,0.0,0.9130434782608696,0.0,0.0,0.0,0.07608695652173914,0.0,0.0,0.0,0.0,0.0,0.0,1.0,0.0,0.0,0.06422018348623848,0.0,0.0,0.010000000000000009,0.0,0.0,0.0,0.0,0.0,0.0,0.0,0.03960396039603964,0.0,0.0,0.0,0.0,0.0,0.0,0.05681818181818177,0.0,0.0,0.0,0.0,0.0,1.0,0.0,0.0,0.0
0.0,0.0,0.0,0.0,0.0,1.0,1.0,0.0,0.0,1.0,0.0,0.0,0.0,0.0,1.0,0.0,0.010309278350515427,0.0,0.0,0.04424778761061943,0.0,0.0,0.0,0.0,1.0,1.0,1.0,1.0,0.0,0.0,0.0,0.0,0.0,0.0,0.0,0.0,0.0,0.0,0.0,0.010204081632653073,1.0,1.0,1.0,0.0,0.0,0.05102040816326525,0.0,0.0,0.010204081632653073,0.009345794392523366,0.0,0.0,1.0,0.4897959183673469,0.0,0.0,0.0,0.0,0.8983050847457628,0.0,0.0,0.0,0.05084745762711862,0.0,0.01904761904761909,0.0,0.0,0.0,0.0,1.0,0.0,0.0,0.08163265306122447,0.0,0.010204081632653073,0.010638297872340385,0.0,0.0,0.0,0.0,0.00990099009900991,0.0,0.0,0.01851851851851849,0.0267857142857143,0.0,0.0,0.0,0.011111111111111072,0.0,0.022222222222222254,0.011111111111111072,0.0,0.0,0.0,0.0,1.0,0.0,0.0,0.0
0.0,0.0,0.0,0.0,0.0,1.0,1.0,0.0,0.0,1.0,0.0,0.0,0.0,0.0,0.0,0.011235955056179803,0.0,0.0,0.0,0.0449438202247191,0.0,0.0,0.0,0.0,1.0,1.0,1.0,1.0,0.0,0.0,0.0,0.0,0.0,0.0,0.0,0.0,0.0,0.0,0.0,0.00917431192660545,1.0,0.0,0.0,0.0,0.0,0.02752293577981646,0.0,0.0,0.01098901098901095,0.02564102564102566,0.0,0.0,1.0,0.4945054945054945,0.0,0.0,0.0,0.0,0.9,0.0,0.0,0.0,0.030000000000000027,0.010638297872340385,0.0,0.0,0.0,0.0,0.0,1.0,0.0,0.0,0.11650485436893199,0.0,0.0,0.0,0.0,0.0,0.0,0.0,0.0,0.0,0.0,0.028846153846153855,0.0,0.0,0.0,0.0,0.0,0.0,0.08602150537634412,0.010752688172043001,0.0,0.0,0.0,0.0,1.0,0.0,0.009615384615384581,0.0
0.0,0.0,0.0,0.0,0.0,1.0,1.0,0.0,0.0,1.0,0.0,0.0,0.0,0.0,0.0,0.0,0.0,0.0,0.0,0.039215686274509776,0.0,0.0,0.0,0.0,1.0,1.0,1.0,1.0,0.00990099009900991,0.0,0.0,0.0,0.0,0.0,0.0,0.0,0.0,0.0,0.0,0.009615384615384581,1.0,0.0,0.0,0.0,0.0,0.0,0.0,0.0,0.0,0.03191489361702127,0.0,0.0,1.0,0.45871559633027525,0.0,0.0,0.0,0.0,0.8080808080808081,0.0,0.0,0.0,0.07070707070707072,0.010638297872340385,0.0,0.0,0.0,0.0,0.0,1.0,0.0,0.0,0.037735849056603765,0.0,0.0,0.0,0.0,0.0,0.0,0.0,0.0,0.0,0.0,0.010638297872340385,0.0,0.0,0.0,0.0,0.0,0.0,0.08080808080808077,0.0,0.010101010101010055,0.0,0.0,0.0,1.0,0.0,0.0,0.010000000000000009
0.0,0.0,0.0,0.0,0.0,1.0,1.0,0.0,0.0,1.0,0.0,0.0,0.0,0.0,0.0,0.0,0.0,0.0,0.0,0.05102040816326525,0.0,0.0,0.0,0.0,1.0,1.0,1.0,1.0,0.0,0.0,0.0,0.0,0.0,0.0,0.0,0.0,0.0,0.0,0.0,0.0,1.0,0.0,0.0,0.0,0.0,0.03157894736842104,0.010526315789473717,0.0,0.0,0.010638297872340385,0.0,0.021276595744680882,1.0,0.48958333333333337,0.0,0.0,0.0,0.0,0.8898305084745762,0.0,0.0,0.0,0.0423728813559322,0.0,0.0,0.0,0.0,0.0,0.0,1.0,0.0,0.0,0.03157894736842104,0.0,0.0,0.0,0.0,0.0,0.0,0.0,0.0,0.0,0.0,0.009708737864077666,0.0,0.0,0.0,0.0,0.0,0.0,0.09909909909909909,0.0,0.0,0.0,0.009009009009009028,0.0,1.0,0.0,0.0,0.0
0.0,0.0,0.0,0.0,0.0,1.0,1.0,0.0,0.0,1.0,0.0,0.0,0.0,0.0,0.0,0.0,0.0,0.0,0.0,0.019607843137254943,0.0,0.0,0.0,0.0,1.0,1.0,1.0,1.0,0.00952380952380949,0.0,0.0,0.0,0.0,0.0,0.0,0.0,0.0,0.0,0.0,0.01941747572815533,1.0,0.0,0.0,0.0,0.0,0.0,0.0,0.0,0.009803921568627416,0.01941747572815533,0.0,0.01941747572815533,1.0,0.4901960784313726,0.0,0.0,0.0,0.0,0.8947368421052632,0.0,0.0,0.0,0.04385964912280704,0.010204081632653073,0.0,0.0,0.0,0.0,0.0,1.0,0.0,0.0,0.0561797752808989,0.0,0.0,0.0,0.0,0.0,0.0,0.0,0.0,0.0,0.0,0.04395604395604391,0.0,0.0,0.0,0.0,0.0,0.0,0.07291666666666663,0.0,0.0,0.0,0.0,0.0,1.0,0.0,0.0,0.0
0.0,0.0,0.0,0.0,0.0,1.0,1.0,0.0,0.0,1.0,0.0,0.0,0.0,0.0,0.0,0.008547008547008517,0.0,0.0,0.0,0.09401709401709402,0.0,0.0,0.0,0.0,1.0,1.0,1.0,1.0,0.0,0.0,0.0,0.0,0.0,0.0,0.0,0.011235955056179803,0.0,0.0,0.0,0.0,1.0,0.0,0.0,0.0,0.0,0.0,0.0,0.0,0.0,0.010869565217391353,0.0,0.0,1.0,0.49514563106796117,0.0,0.0,0.0,0.010000000000000009,0.9,0.0,0.0,0.0,0.030000000000000027,0.0,0.0,0.0,0.0,0.0,0.0,1.0,0.0,0.0,0.03809523809523807,0.0,0.0,0.0,0.0,0.0,0.0,0.0,0.0,0.0,0.0,0.03809523809523807,0.0,0.0,0.0,0.0,0.0,0.0,0.1089108910891089,0.00990099009900991,0.0,0.0,0.0,0.0,1.0,0.0,0.0,0.0
0.0,0.0,0.0,0.0,0.0,1.0,1.0,0.0,0.0,1.0,0.0,0.0,0.0,0.0,0.0,0.0,0.008264462809917328,0.0,0.012048192771084376,0.048192771084337394,0.0,0.0,0.0,0.0,1.0,1.0,1.0,1.0,0.0,0.0,0.0,0.0,0.0,0.0,0.0,0.0,0.0,0.0,0.010309278350515427,0.00952380952380949,1.0,0.0,0.0,0.0,0.0,0.2857142857142857,0.0,0.0,0.0,0.010000000000000009,0.0,0.0,1.0,0.45360824742268047,0.0,0.0,0.0,0.0,0.9310344827586207,0.0,0.0,0.0,0.04597701149425293,0.0,0.0,0.0,0.0,0.0,0.0,1.0,0.0,0.0,0.11764705882352944,0.0,0.0,0.0,0.0,0.0,0.0,0.0,0.0,0.0,0.0,0.0092592592592593,0.0,0.0,0.0,0.0,0.0,0.0,0.07476635514018692,0.0,0.0,0.0,0.0,0.0,1.0,0.0,0.0,0.0
0.0,0.0,0.0,0.0,0.0,1.0,1.0,0.0,0.0,1.0,0.0,0.0,0.0,0.0,0.010309278350515427,0.009090909090909038,0.0,0.0,0.0,0.027272727272727226,0.0,0.0,0.0,0.0,1.0,1.0,1.0,1.0,0.0,0.0,0.0,0.0,0.0,0.0,0.0,0.0,0.0,0.0,0.0,0.011363636363636354,1.0,0.0,0.0,0.0,0.0,0.0,0.0,0.0,0.0,0.022222222222222254,0.0,0.0,1.0,0.44329896907216493,0.0,0.0,0.0,0.0,0.9272727272727272,0.0,0.0,0.0,0.0636363636363636,0.0,0.0,0.0,0.0,0.0,0.0,1.0,0.0,0.0,0.04395604395604391,0.0,0.0,0.0,0.0,0.0,0.0,0.0,0.0,0.0,0.0,0.019230769230769273,1.0,0.0,0.0,0.0,0.0,0.0,0.10476190476190472,0.0,0.0,0.0,0.0,0.0,1.0,0.0,0.0,0.010204081632653073
0.0,0.0,0.0,0.0,0.0,1.0,1.0,0.0,0.0,1.0,0.0,0.009433962264150941,0.0,0.037735849056603765,0.0,0.0,0.0,0.0,0.0,0.028301886792452824,0.0,0.0,0.011494252873563204,0.01851851851851849,1.0,1.0,1.0,1.0,0.011494252873563204,0.0,0.010752688172043001,0.0,0.0,0.0,0.0,0.011494252873563204,0.0,0.0,0.0,0.021052631578947323,1.0,0.0,0.010526315789473717,0.0,0.0,0.021052631578947323,0.0,0.00877192982456143,0.00877192982456143,0.0,0.00877192982456143,0.1523809523809524,1.0,0.5175438596491229,0.0,0.02857142857142858,0.012195121951219523,0.0,0.9390243902439024,0.0,0.0,0.012195121951219523,0.03658536585365857,0.0092592592592593,0.0,0.0,0.0,0.0,0.0,1.0,0.0,0.010526315789473717,0.17894736842105263,0.0,0.0,0.0,0.0,0.0,0.0,0.009803921568627416,0.0,0.0,0.0,0.01904761904761909,0.0,0.0,0.0,0.009803921568627416,0.0,0.02083333333333337,0.05208333333333337,0.01041666666666663,0.0,0.0,0.0,0.0,1.0,0.010101010101010055,0.0,0.010101010101010055
0.009090909090909038,0.0,0.0,0.0,0.0,1.0,1.0,0.0,0.0,1.0,0.0,0.0,0.0,0.0,0.0,0.0,0.0,0.0,0.0,0.04761904761904767,0.0,0.0,0.0,0.0,1.0,1.0,1.0,1.0,0.0,0.0,0.0,0.0,0.0,0.0,0.0,0.0,0.0,0.0,0.0,0.009708737864077666,1.0,0.0,0.0,0.0,0.0,0.0,0.0,0.0,0.0,0.010000000000000009,0.0,0.0,1.0,0.5,0.0,0.0,0.0,0.0,0.875,0.0,0.008928571428571397,0.0,0.0892857142857143,0.009803921568627416,0.0,0.0,0.0,0.0,0.0,1.0,0.0,0.0,0.05494505494505497,0.0,0.01098901098901095,0.0,0.0,0.0,0.0,0.0,0.0,0.0,0.0,0.04347826086956519,0.00877192982456143,0.0,0.0,0.0,0.0,0.0,0.12941176470588234,0.0,0.0117647058823529,0.0,0.0,0.0,1.0,0.0,0.0,0.0
0.0,0.0,0.0,0.0,0.0,1.0,1.0,0.0,0.0,1.0,0.0,0.0,0.0,0.0,0.0,0.0,0.0,0.0,0.0,0.05405405405405406,0.0,0.0,0.0,0.0,1.0,1.0,1.0,1.0,0.011494252873563204,0.0,0.0,0.0,0.0,0.0,0.0,0.0,0.0,0.0,0.021276595744680882,0.007299270072992692,1.0,0.0,0.0,0.0,0.0,0.021897810218978075,0.0,0.4148936170212766,0.021276595744680882,0.01098901098901095,0.0,0.0,1.0,0.4787234042553191,0.0,0.0,0.0,0.0,0.8924731182795699,0.0,0.0,0.0,0.032258064516129004,0.009090909090909038,0.0,0.0,0.0,0.0,0.0,1.0,0.0,0.0,0.03883495145631066,0.0,0.0,0.0,0.0,0.0,0.0,0.0,0.0,0.0,0.0,0.0,0.0,0.0,0.0,0.0,0.0,0.0,0.09890109890109888,0.01098901098901095,0.0,0.0,0.0,0.0,1.0,0.0,0.0,0.0
0.0,0.0,0.0,0.0,0.0,1.0,1.0,0.009615384615384581,0.0,1.0,0.009615384615384581,0.01941747572815533,0.0,0.0,0.0,1.0,1.0,1.0,1.0,1.0,1.0,1.0,1.0,0.033333333333333326,1.0,1.0,1.0,1.0,0.016393442622950838,0.0,0.0,0.009433962264150941,0.0,0.008196721311475419,0.0,0.0,0.0,0.0,0.0,0.010869565217391353,1.0,0.0,0.0,0.0,0.0,0.03260869565217395,0.0,0.0,0.0,0.02197802197802201,0.0,0.02197802197802201,1.0,0.4732142857142857,0.02197802197802201,0.0,0.0,0.0,0.9223300970873787,0.00917431192660545,0.0,0.0,0.03883495145631066,0.0,0.0,0.0,0.0,0.0,0.0,1.0,0.00952380952380949,0.00952380952380949,0.07619047619047614,0.00952380952380949,0.0,0.0,0.0,0.0,0.0,0.0,0.020618556701030966,0.0,0.0,0.025423728813559365,0.0,0.0,0.0,0.0,0.0,0.0,0.03614457831325302,0.0,0.0,0.0,0.0,0.0,1.0,0.0,0.0,0.0
0.0,0.0,0.0,0.0,0.0,1.0,1.0,0.0,0.0,1.0,0.0,0.0,0.0,0.0,0.0,0.0,0.0,0.0,0.0,0.018018018018018056,0.0,0.0,0.0,0.0,1.0,1.0,1.0,1.0,0.0,0.0,0.0,0.0,0.0,0.0,0.0,0.0,0.0,0.0,0.0,0.010000000000000009,1.0,0.0,0.0,0.0,0.0,0.0,0.0,0.0,0.0,0.010000000000000009,0.0,0.0,1.0,0.49473684210526314,0.0,0.0,0.0,0.0,0.8415841584158416,0.0,0.0,0.0,0.06930693069306926,0.0,0.0,0.0,0.0,0.0,0.0,1.0,0.0,0.0,0.07843137254901966,0.0,0.0,0.0,0.0,0.0,0.0,0.0,0.0,0.0,0.0,0.05084745762711862,0.0,0.0,0.0,0.0,0.0,0.0,0.07339449541284404,0.0,0.0,0.0,0.0,0.0,1.0,0.0,0.0,0.0
0.0,0.0,0.0,0.0,0.0,1.0,1.0,0.0,0.0,1.0,0.0,0.0,0.0,0.0,0.0,0.010101010101010055,0.0,0.0,0.0,0.02020202020202022,0.0,0.0,0.0,0.0,1.0,1.0,1.0,1.0,0.0,0.0,0.0,0.0,0.0,0.0,0.0,0.0,0.0,0.0,0.0,0.010000000000000009,1.0,0.0,0.0,0.0,0.0,0.0,0.0,0.0,0.010526315789473717,0.0,0.0,0.0,1.0,0.42105263157894735,0.0,0.0,0.0,0.0,0.8282828282828283,0.0,0.0,0.0,0.030303030303030276,0.0,0.0,0.0,0.0,0.0,0.0,1.0,0.0,0.0,0.09756097560975607,0.0,0.0,0.0,0.0,0.0,0.0,0.0,0.0,0.0,0.0,0.01851851851851849,0.17647058823529416,0.0,0.0,0.0,0.0,0.0,0.10280373831775702,0.0,0.0,0.0,0.0,0.0,1.0,0.0,0.0,0.0
0.0,0.0,0.0,0.0,0.0,1.0,1.0,0.0,0.0,1.0,0.0,0.0,0.0,0.0,0.0,0.0,0.0,0.010101010101010055,0.0,0.06329113924050633,0.0,0.0,0.0,0.0,1.0,1.0,1.0,1.0,0.0,0.0,0.0,0.0,0.0,0.0,0.0,0.0,0.0,0.0,0.0,0.0,1.0,0.0,0.0,0.0,0.0,0.09433962264150941,0.0,0.0,0.008620689655172376,0.009708737864077666,0.0,0.009708737864077666,1.0,0.48275862068965514,0.0,0.0,0.0,0.0,0.9245283018867925,0.008547008547008517,0.0,0.0,0.028301886792452824,0.0,0.0,0.0,0.0,0.0,0.0,1.0,0.0,0.0,0.15555555555555556,0.0,0.0,0.0,0.0,0.0,0.0,0.0,0.0,0.0,0.010752688172043001,0.01980198019801982,0.021505376344086002,0.0,0.0,0.0,0.0,0.0,0.07766990291262132,0.0,0.009708737864077666,0.0,0.0,0.00990099009900991,1.0,0.0,0.0,0.0
0.0,0.0,0.0,0.0,0.0,1.0,1.0,0.0,0.0,1.0,0.0,0.0,0.0,0.0,0.0,0.0,0.0,0.0,0.0,0.051724137931034475,0.0,0.0,0.0,0.0,1.0,1.0,1.0,1.0,0.0,0.0,0.0,0.0,0.0,0.0,0.0,0.0,0.0,0.0,0.010000000000000009,0.010638297872340385,1.0,0.0,0.0,0.0,0.0,0.03191489361702127,0.0,0.0,0.010000000000000009,0.0,0.0,0.009803921568627416,1.0,0.5,0.0,0.0,0.0,0.0,0.8476190476190476,0.0,0.0,0.0,0.04761904761904767,0.0,0.0,0.0,0.0,0.0,0.0,1.0,0.0,0.0,0.07777777777777772,0.0,0.0,0.0,0.0,0.0,0.0,0.0,0.0,0.0,0.0,0.008333333333333304,0.0,0.0,0.0,0.0,0.0,0.0,0.11458333333333337,0.0,0.0,0.0,0.0,0.0,1.0,0.0,0.0,0.0
0.9894736842105263,0.0,0.0,0.0,0.0,1.0,1.0,0.0,0.0,1.0,0.0,0.0,0.0,0.010638297872340385,0.0,1.0,0.0,0.9880952380952381,0.010638297872340385,0.010638297872340385,0.0,0.0,0.011235955056179803,0.010752688172043001,1.0,1.0,1.0,1.0,0.9887640449438202,0.0,0.010101010101010055,0.0,0.98989898989899,0.9887640449438202,0.010101010101010055,0.0,0.9797979797979798,0.0,0.9270833333333334,0.9917355371900827,1.0,0.0,0.0,0.9504132231404958,0.96875,0.05785123966942152,1.0,0.0,0.9895833333333334,1.0,0.8020833333333334,0.8181818181818181,1.0,0.5833333333333333,0.0,0.0,0.0,0.007518796992481258,1.0,1.0,1.0,0.015037593984962405,0.015037593984962405,0.0,0.0,0.0,0.0,0.9759036144578314,1.0,1.0,0.13861386138613863,0.14851485148514854,0.9900990099009901,0.0,0.0,0.010204081632653073,0.28115015974440893,0.29591836734693877,0.0,0.0,0.022727272727272707,0.0,0.008849557522123908,0.5673076923076923,0.0,1.0,0.9646017699115044,0.0,0.0,0.9509803921568627,0.05882352941176472,1.0,0.019607843137254943,1.0,0.9901960784313726,1.0,1.0,1.0,0.009615384615384581,0.0
0.0,0.0,0.0,0.0,0.0,1.0,1.0,0.0,0.0,1.0,0.0,0.0,0.0,0.0,0.0,1.0,1.0,1.0,1.0,1.0,1.0,1.0,1.0,0.0,1.0,1.0,1.0,1.0,0.00990099009900991,0.0,0.0,0.0,0.0,0.0,0.0,0.0,0.0,0.0,0.009090909090909038,0.01980198019801982,1.0,0.0,0.0,0.0,0.0,0.07920792079207917,0.0,0.0,0.009090909090909038,0.0,0.0,0.0,1.0,0.49090909090909096,0.0,0.0,0.0,0.0,0.9494949494949495,0.0,0.0,0.0,0.02020202020202022,0.0,0.0,0.0,0.0,0.0,0.00917431192660545,1.0,0.0,0.0,0.08333333333333337,0.0,0.0,0.00990099009900991,0.0,0.0,0.0,0.0,0.0,0.0,0.0,0.020408163265306145,0.0,0.0,0.0,0.009708737864077666,0.0,0.008849557522123908,0.08849557522123896,0.0,0.0,0.0,0.0,0.0,1.0,0.0,0.0,0.0
0.0,0.0,0.0,0.0,0.0,1.0,1.0,0.0,0.0,1.0,0.0,0.0,0.0,0.0,1.0,0.0,0.0,0.010204081632653073,0.0,0.017857142857142905,0.0,0.0,0.0,0.0,1.0,1.0,1.0,1.0,0.00917431192660545,0.0,0.0,0.0,0.0,0.0,0.0,0.0,0.0,0.0,0.0,0.0,1.0,0.0,0.0,0.0,0.0,0.0,0.0,0.0,0.011627906976744207,0.0337078651685393,0.0,0.0,1.0,0.4651162790697675,0.0,0.0,0.0,0.0,0.875,0.0,0.01041666666666663,0.0,0.04166666666666663,0.0,0.0,0.0,0.0,0.0,0.0,1.0,0.0,0.0,0.06140350877192979,0.0,0.0,0.0,0.0,0.0,0.0,0.0,0.0,0.0,0.0,0.053097345132743334,0.0,0.0,0.0,0.0,0.0,0.0,0.05434782608695654,0.0,0.0,0.0,0.0,0.0,1.0,0.0,0.0,0.0
0.0,0.0,0.0,0.0,0.0,1.0,1.0,0.0,0.0,1.0,0.0,0.0,0.0,0.0,0.0,0.004587155963302725,0.0,0.0,0.0,0.05504587155963303,0.0,0.0,0.0,0.0,1.0,1.0,1.0,1.0,0.005025125628140725,0.0,0.0,0.0,0.0,0.0,0.0,0.0,0.0,0.0,0.0,0.005464480874316946,1.0,0.0,0.0,0.0,0.004761904761904745,0.021857923497267784,0.0,0.0,0.004761904761904745,0.004878048780487809,0.0,0.004878048780487809,1.0,0.48571428571428577,0.0,0.0,0.0,0.0,0.8743718592964824,0.0,0.0,0.0,0.025125628140703515,0.004484304932735439,0.0,0.0,0.0,0.0,0.0,1.0,0.0,0.0,0.037234042553191515,0.0,0.0,0.0,0.0,0.0,0.0,0.0,0.0,0.0,0.0,0.015873015873015928,0.45744680851063835,0.0,0.0,0.0,0.0,0.0,0.08920187793427226,0.0,0.0,0.0,0.0,0.0,1.0,0.0,0.0,0.0
0.0,0.0,0.0,0.0,0.0,1.0,1.0,0.0,0.0,1.0,0.0,0.0,0.0,0.0,0.0,0.010101010101010055,0.0,0.0,0.0,0.04040404040404044,0.0,0.0,0.009708737864077666,0.0,1.0,1.0,1.0,1.0,0.0,0.0,0.0,0.0,0.0,0.0,0.0,0.0,0.0,0.0,0.0,0.030612244897959218,1.0,0.0,0.0,0.0,0.0,0.0,0.0,0.0,0.0,0.01041666666666663,0.0,0.0,1.0,0.4949494949494949,0.0,0.0,0.0,0.0,0.8777777777777778,0.0,0.0,0.0,0.0444444444444444,0.0,0.0,0.0,0.0,0.0,0.0,1.0,0.0,0.0,0.04166666666666663,0.0,0.0,0.0,0.0,0.0,0.0,0.0,0.0,0.0,0.0,0.0,0.0,0.0,0.0,0.0,0.0,0.0,0.12264150943396224,0.0,0.0,0.0,0.0,0.0,1.0,0.0,0.0,0.0
0.0,0.0,0.0,0.0,0.0,1.0,1.0,0.0,0.0,1.0,0.0,0.0,0.0,0.0,0.0,0.0,0.0,0.0,0.0,0.03738317757009346,0.0,0.0,0.0,0.0,1.0,1.0,1.0,1.0,0.0,0.0,0.0,0.0,0.0,0.0,0.0,0.0,0.0,0.0,0.0,0.0,1.0,0.0,0.0,0.0,0.0,0.0,0.0,0.0,0.010101010101010055,0.0,0.0,0.00990099009900991,1.0,0.4949494949494949,0.0,0.0,0.009090909090909038,0.0,0.8727272727272728,0.0,0.0,0.0,0.027272727272727226,0.0,0.0,0.0,0.0,0.0,0.0,1.0,0.0,0.0,0.06451612903225812,0.0,0.0,0.0,0.0,0.0,0.0,0.0,0.0,0.0,0.0,0.011111111111111072,0.23008849557522126,0.0,0.0,0.0,0.0,0.0,0.04040404040404044,0.0,0.0,0.0,0.0,0.0,1.0,0.0,0.0,0.0
0.0,0.0,0.0,0.0,0.0,1.0,1.0,0.0,0.0,1.0,0.0,0.0,0.0,0.0,0.0,0.0,0.0,0.0,0.0,0.04761904761904767,0.0,0.0,0.0,0.0,1.0,1.0,1.0,1.0,0.010204081632653073,0.0,0.0,0.0,0.0,0.0,0.0,0.0,0.0,0.0,0.0,0.010309278350515427,1.0,0.0,0.0,0.0,0.010752688172043001,0.0,0.0,0.0,0.021505376344086002,0.0,0.0,0.0,1.0,0.4731182795698925,0.0,0.0,0.0,0.0,0.8888888888888888,0.0,0.0,0.0,0.0505050505050505,0.0,0.0,0.0,0.0,0.0,0.0,1.0,0.0,0.0,0.06956521739130439,0.0,0.0,0.0,0.0,0.0,0.0,0.0,0.0,0.0,0.0,0.03076923076923077,0.0,0.0,0.0,0.0,0.0,0.0,0.08653846153846156,0.0,0.0,0.0,0.0,0.0,1.0,0.0,0.0,0.0
0.0,0.0,0.0,0.0,0.0,1.0,1.0,0.0,0.0,1.0,0.0,0.0,0.0,0.0,0.0,0.0,0.0,0.0,0.00990099009900991,0.01980198019801982,0.0,0.0,0.0,0.0,1.0,1.0,1.0,1.0,0.0,0.0,0.0,0.0,0.0,0.0,0.0,0.0,0.0,0.0,0.008000000000000007,0.02020202020202022,1.0,0.0,0.0,0.0,0.0,0.0,0.0,0.0,0.008000000000000007,0.020618556701030966,0.0,0.0,1.0,0.48,0.0,0.0,0.0,0.0,0.8541666666666666,0.0,0.0,0.0,0.03125,0.0,0.0,0.0,0.0,0.0,0.0,1.0,0.0,0.0,0.09090909090909094,0.0,0.0,0.0,0.0,0.0,0.0,0.0,0.0,0.0,0.0,0.0267857142857143,0.0,0.0,0.0,0.0,0.0,0.0,0.08163265306122447,0.0,0.0,0.0,0.010204081632653073,0.0,1.0,0.0,0.008928571428571397,0.0
0.0,0.0,0.0,0.0,0.0,1.0,1.0,0.0,0.0,1.0,0.0,0.0,0.0,0.0,0.0,0.0,0.0,0.0,0.0,0.0625,0.0,0.0,0.0,0.0,1.0,1.0,1.0,1.0,0.0,0.0,0.0,0.0,0.0,0.0,0.0,0.0,0.0,0.0,0.0,0.0,1.0,0.0,0.0,0.0,0.0,0.04347826086956519,0.0,0.0,0.0,0.011111111111111072,0.0,0.0,1.0,0.4661016949152542,0.0,0.0,0.0,0.0,0.8514851485148515,0.0,0.0,0.0,0.02970297029702973,0.0,0.0,0.0,0.0,0.0,0.0,1.0,0.0,0.0,0.08695652173913049,0.0,0.0,0.0,0.0,0.0,0.0,0.0,0.0,0.0,0.0,0.036363636363636376,0.0,0.0,0.0,0.0,0.0,0.009345794392523366,0.028037383177570097,0.0,0.0,0.0,0.0,0.0,1.0,0.0,0.0,0.0
0.0,0.0,0.0,0.0,0.0,1.0,1.0,0.0,0.0,1.0,0.0,0.0,0.0,0.0,0.0,0.009090909090909038,0.0,0.0,0.0,0.054545454545454564,0.0,0.0,0.0,0.0,1.0,1.0,1.0,1.0,0.0,0.0,0.0,0.0,0.0,0.0,0.0,0.010309278350515427,0.0,0.0,0.008695652173912993,0.0,1.0,0.0,0.0,0.0,0.0,0.01869158878504673,0.009345794392523366,0.0,0.0,0.0,0.0,0.017699115044247815,1.0,0.4173913043478261,0.0,0.0,0.0,0.0,0.9702970297029703,0.0,0.0,0.0,0.08910891089108908,0.0,0.0,0.0,0.0,0.0,0.0,1.0,0.0,0.0,0.04587155963302747,0.0,0.0,0.0,0.0,0.0,0.0,0.0,0.0,0.0,0.0,0.009615384615384581,0.010869565217391353,0.0,0.0,0.0,0.0,0.0,0.03809523809523807,0.0,0.0,0.0,0.0,0.0,1.0,0.0,0.0,0.0
0.0,0.0,0.0,0.0,0.0,1.0,1.0,0.0,0.0,1.0,0.0,0.0,0.0,0.0,0.0,0.0,0.008474576271186418,0.0,0.0,0.05319148936170215,0.0,0.0,0.0,0.0,1.0,1.0,1.0,1.0,0.0,0.0,0.0,0.0,0.0,0.0,0.0,0.0,0.0,0.0,0.0,0.010752688172043001,1.0,0.0,0.0,0.0,0.0,0.0,0.0,0.0,0.0,0.010526315789473717,0.0,0.0,1.0,0.4946236559139785,0.0,0.0,0.0,0.0,0.8541666666666666,0.0,0.0,0.0,0.03125,0.0,0.0,0.0,0.0,0.0,0.0,1.0,0.0,0.0,0.04629629629629628,0.0,0.0,0.0,0.0,0.0,0.0,0.0,0.0,0.0,0.0,0.023809523809523836,0.0,0.0,0.0,0.008130081300813052,0.0,0.0,0.05940594059405946,0.00990099009900991,0.00990099009900991,0.0,0.0,0.0,1.0,0.0,0.0,0.010101010101010055
0.12,0.06000000000000005,0.050000000000000044,0.030000000000000027,0.010000000000000009,1.0,1.0,0.008130081300813052,0.010000000000000009,1.0,0.016260162601625994,0.06930693069306926,0.07317073170731703,0.04950495049504955,0.07317073170731703,0.05940594059405946,0.07317073170731703,0.04065040650406504,0.03960396039603964,0.14851485148514854,0.0092592592592593,0.08130081300813008,0.09708737864077666,0.03703703703703709,1.0,1.0,1.0,1.0,0.009708737864077666,0.03703703703703709,0.021052631578947323,0.052631578947368474,0.06315789473684208,0.058252427184465994,0.0,0.058252427184465994,0.052631578947368474,0.054545454545454564,0.13,0.045454545454545414,1.0,0.054545454545454564,0.07272727272727275,0.036363636363636376,0.030000000000000027,0.36363636363636365,0.027272727272727226,0.0,0.07999999999999996,0.10526315789473684,0.040000000000000036,0.12631578947368416,1.0,0.53,0.10526315789473684,0.06315789473684208,0.16666666666666663,0.0714285714285714,0.9523809523809523,0.09090909090909094,0.0714285714285714,0.023809523809523836,0.1071428571428571,0.13541666666666663,0.0,0.0,0.05555555555555558,0.033333333333333326,0.0,1.0,0.09278350515463918,0.09278350515463918,0.25773195876288657,0.08247422680412375,0.05154639175257736,0.06956521739130439,0.01016949152542368,0.017391304347826098,0.017391304347826098,0.1466666666666666,0.0,0.0888888888888889,0.026666666666666616,0.10280373831775702,0.21333333333333337,0.0,0.06666666666666665,0.013333333333333308,0.09523809523809523,0.07619047619047614,0.11428571428571432,0.02857142857142858,0.05714285714285716,0.02857142857142858,0.06666666666666665,0.06542056074766356,1.0,0.09708737864077666,0.07476635514018692,0.03883495145631066
0.0,0.0,0.0,0.0,0.0,1.0,1.0,0.0,0.0,1.0,0.0,0.0,0.0,0.0,0.0,0.0,0.0,0.0,0.0,0.04878048780487809,0.0,0.0,0.011111111111111072,0.0,1.0,1.0,1.0,1.0,0.0,0.0,0.0,0.0,0.0,0.0,0.0,0.0,0.0,0.0,0.0,0.021052631578947323,1.0,0.0,0.0,0.0,0.0,0.052631578947368474,0.0,0.0,0.009090909090909038,0.02298850574712641,0.0,0.0,1.0,0.4636363636363636,0.0,0.0,0.0,0.0,0.9130434782608696,0.0,0.0,0.0,0.06956521739130439,0.0,0.0,0.0,0.0,0.0,0.0,1.0,0.0,0.0,0.06451612903225812,0.0,0.0,0.0,0.0,0.0,0.0,0.0,0.0,0.0,0.0,0.012195121951219523,0.0,0.0,0.0,0.0,0.0,0.0,0.12037037037037035,0.0,0.0,0.0,0.0,0.0,1.0,0.0,0.0,0.0
0.0,0.0,0.0,0.0,0.0,1.0,1.0,0.0,0.0,1.0,0.0,0.0,0.0,0.0,0.0,0.0,0.0,0.0,0.0,0.02409638554216864,0.0,0.0,0.009433962264150941,0.0,1.0,1.0,1.0,1.0,0.009433962264150941,0.0,0.0,0.0,0.0,0.0,0.0,0.0,0.0,0.0,0.010309278350515427,0.0,1.0,0.0,0.0,0.0,0.0,0.01754385964912286,0.0,0.4020618556701031,0.0,0.010000000000000009,0.0,0.0,1.0,0.5567010309278351,0.0,0.0,0.0,0.0,0.875,0.0,0.0,0.011363636363636354,0.045454545454545414,0.0,0.0,0.0,0.0,0.0,0.0,1.0,0.0,0.0,0.06603773584905659,0.0,0.0,0.0,0.0,0.0,0.0,0.0,0.0,0.0,0.0,0.034782608695652195,0.0,0.0,0.0,0.0,0.0,0.0,0.07438016528925617,0.0,0.0,0.0,0.0,0.0,1.0,0.0,0.0,0.0
0.0,0.0,0.0,0.0,0.0,1.0,1.0,0.0,0.00990099009900991,1.0,0.0,0.0,0.0,0.0,1.0,0.0,0.0092592592592593,0.0,0.0,0.042735042735042694,0.0,0.0,0.0,0.0,1.0,1.0,1.0,1.0,0.0,0.0,0.0,0.0,0.0,0.0,0.0,0.0,0.0,0.0,0.0,0.0,1.0,0.0,0.0,0.0,0.0,0.0444444444444444,0.0,0.0,0.0,0.020618556701030966,0.0,0.030927835051546393,1.0,0.3839285714285714,0.0,0.0,0.0,0.0,0.8823529411764706,0.0,0.0,0.0,0.039215686274509776,0.011494252873563204,0.0,0.0,0.0,0.0,0.0,1.0,0.0,0.0,0.1428571428571429,0.0,0.0,0.0,0.0,0.0,0.01754385964912286,0.0,0.0,0.0,0.0,0.033333333333333326,1.0,0.0,0.0,0.0,0.0,0.0,0.04504504504504503,0.009009009009009028,0.0,0.0,0.0,0.0,1.0,0.0,0.0,0.0
0.0,0.0,0.0,0.0,0.0,1.0,1.0,0.0,0.0,1.0,0.0,0.0,0.0,0.0,0.0,0.0,0.0,0.0,0.0,0.0490196078431373,0.0,0.0,0.0,0.0,1.0,1.0,1.0,1.0,0.0,0.0,0.0,0.0,0.0,0.0,0.0,0.0,0.0,0.0,0.01041666666666663,0.021276595744680882,1.0,0.0,0.0,0.0,0.0,0.03191489361702127,0.010638297872340385,0.0,0.0,0.03669724770642202,0.0,0.01834862385321101,1.0,0.45833333333333337,0.00917431192660545,0.04587155963302747,0.017857142857142905,0.0,0.9285714285714286,0.0,0.0,0.0,0.044642857142857095,0.0,0.0,0.0,0.0,0.0,0.0,1.0,0.0,0.0,0.101123595505618,0.011235955056179803,0.0,0.0,0.0,0.0,0.0,0.0,0.0,0.0,0.0,0.010752688172043001,1.0,0.0,0.0,0.0,0.0,0.0,0.032258064516129004,0.010752688172043001,0.0,0.0,0.0,0.0,1.0,0.0,0.0,0.0
0.0,0.0,0.0,0.0,0.0,1.0,1.0,0.0,0.0,1.0,0.0,0.0,0.0,0.0,0.0,0.0,0.0,0.0,0.0,0.0,0.0,0.0,0.0,0.0,1.0,1.0,1.0,1.0,0.0,0.0,0.0,0.0,0.0,0.0,0.0,0.0,0.0,0.0,0.0,0.00952380952380949,1.0,0.0,0.0,0.0,0.0,0.0,0.0,0.0,0.0,0.017699115044247815,0.0,0.008849557522123908,1.0,0.4838709677419355,0.0,0.0,0.0,0.0,0.8571428571428572,0.0,0.0,0.0,0.03296703296703296,0.0,0.0,0.0,0.0,0.0,0.0,1.0,0.0,0.0,0.09375,0.0,0.25,0.0,0.0,0.0,0.0,0.0,0.0,0.0,0.0,0.02083333333333337,0.0,0.0,0.0,0.0,0.0,0.0,0.09322033898305082,0.0,0.008474576271186418,0.0,0.0,0.0,1.0,0.0,0.0,0.0
0.0,0.0,0.0,0.0,0.0,1.0,1.0,0.0,0.0,1.0,0.0,0.0,0.0,0.0,0.0,0.0,0.0,0.0,0.0,0.0505050505050505,0.0,0.0,0.0,0.0,1.0,1.0,1.0,1.0,0.0,0.00877192982456143,0.0,0.0,0.0,0.0,0.0,0.0,0.0,0.0,0.010000000000000009,0.01041666666666663,1.0,0.0,0.0,0.0,0.0,0.0,0.01041666666666663,0.0,0.020000000000000018,0.0,0.0,0.0,1.0,0.47,0.0,0.0,0.0,0.0,0.7916666666666666,0.0,0.0,0.0,0.0625,0.0,0.0,0.0,0.0,0.0,0.0,1.0,0.0,0.0,0.052631578947368474,0.0,0.0,0.0,0.0,0.0,0.0,0.0,0.0,0.0,0.0,0.04950495049504955,0.0,0.0,0.0,0.0,0.0,0.0,0.04255319148936165,0.0,0.0,0.0,0.0,0.0,1.0,0.0,0.0,0.0
0.009433962264150941,0.0,0.028301886792452824,0.009433962264150941,0.009433962264150941,1.0,1.0,0.0,0.0,1.0,0.0,0.0,0.0,0.009803921568627416,0.0,0.019607843137254943,0.010204081632653073,0.0,0.009803921568627416,0.05882352941176472,0.008620689655172376,0.010204081632653073,0.019607843137254943,0.008620689655172376,1.0,1.0,1.0,1.0,0.009803921568627416,0.008620689655172376,0.011494252873563204,0.02298850574712641,0.0,0.0,0.0,0.0,0.0,0.0,0.028301886792452824,0.009090909090909038,1.0,0.0,0.0,0.009090909090909038,0.0,0.027272727272727226,0.0636363636363636,0.0,0.009433962264150941,0.011111111111111072,0.0,0.011111111111111072,1.0,0.4056603773584906,0.0,0.011111111111111072,0.0,0.026548672566371723,0.9026548672566371,0.0,0.008849557522123908,0.008849557522123908,0.06194690265486724,0.0,0.0,0.0,0.008849557522123908,0.0,0.0,1.0,0.018867924528301883,0.018867924528301883,0.07547169811320753,0.018867924528301883,0.018867924528301883,0.0,0.010309278350515427,0.0,0.011363636363636354,0.010204081632653073,0.0,0.0,0.0,0.06730769230769229,1.0,0.0,0.0,0.010204081632653073,0.0,0.0,0.09523809523809523,0.0,0.0,0.0,0.00952380952380949,0.0,1.0,0.010526315789473717,0.009615384615384581,0.010526315789473717
0.0,0.0,0.0,0.0,0.0,1.0,1.0,0.0,0.0,1.0,0.0,0.0,0.0,0.0,0.0,0.009345794392523366,0.0,0.0,0.0,0.06542056074766356,0.0,0.0,0.0,0.0,1.0,1.0,1.0,1.0,0.011363636363636354,0.0,0.0,0.0,0.0,0.0,0.0,0.0,0.0,0.0,0.0,0.009433962264150941,1.0,0.0,0.0,0.0,0.0,0.037735849056603765,0.0,0.0,0.0,0.00877192982456143,0.0,0.0,1.0,1.0,0.0,0.0,0.0,0.0,0.8823529411764706,0.0,0.0,0.0,0.039215686274509776,0.0,0.0,0.0,0.0,0.0,0.0,1.0,0.0,0.0,0.09090909090909094,0.010101010101010055,0.0,0.0,0.0,0.0,0.0,0.0,0.0,0.0,0.0,0.036036036036036,0.0,0.0,0.0,0.0,0.0,0.0,0.07476635514018692,0.0,0.0,0.0,0.0,0.0,1.0,0.0,0.0,0.0
0.0,0.0,0.0,0.0,0.0,1.0,1.0,0.0,0.0,1.0,0.0,0.0,0.0,0.0,0.0,0.0,0.0,0.0,0.0,0.030000000000000027,0.0,0.0,0.0,0.0,1.0,1.0,1.0,1.0,0.0,0.0,0.0,0.0,0.0,0.0,0.0,0.0,0.0,0.0,0.0,0.0,1.0,0.0,0.0,0.0,0.0,0.017699115044247815,0.0,0.0,0.0,0.01041666666666663,0.0,0.0,1.0,0.49514563106796117,0.0,0.0,0.0,0.0,0.8673469387755102,0.0,0.0,0.0,0.061224489795918324,0.008695652173912993,0.0,0.0,0.0,0.0,0.0,1.0,0.0,0.0,0.06593406593406592,0.0,0.0,0.0,0.0,0.0,0.0,0.0,0.0,0.0,0.0,0.0,0.0,0.0,0.0,0.0,0.0,0.0,0.09677419354838712,0.0,0.0,0.0,0.0,0.0,1.0,0.0,0.0,0.01041666666666663
0.0,0.0,0.0,0.0,0.0,1.0,1.0,0.0,0.0,1.0,0.0,0.0,0.0,0.0,0.0,0.0,0.0,0.0,0.0,0.02298850574712641,0.0,0.0,0.0,0.0,1.0,1.0,1.0,1.0,0.02020202020202022,0.0,0.0,0.0,0.0,0.0,0.0,0.0,0.0,0.0,0.0,0.02083333333333337,1.0,0.0,0.0,0.0,0.0,0.0,0.0,0.0,0.0,0.0,0.0,0.011235955056179803,1.0,0.4716981132075472,0.0,0.0,0.0,0.0,0.8859649122807017,0.0,0.0,0.0,0.04385964912280704,0.0,0.0,0.0,0.0,0.0,0.0,1.0,0.0,0.0,0.07438016528925617,0.0,0.0,0.010309278350515427,0.0,0.0,0.0,0.0,0.0,0.0,0.0,0.0357142857142857,0.010204081632653073,0.0,0.0,0.0,0.0,0.0,0.0490196078431373,0.009803921568627416,0.0,0.0,0.0,0.0,1.0,0.0,0.0,0.0
0.0,0.0,0.0,0.0,0.0,1.0,1.0,0.019607843137254943,0.027272727272727226,1.0,0.02941176470588236,0.0,0.0,0.0,0.0,0.0,0.0,0.0,0.0,0.0,0.0,0.0,0.0,0.0,1.0,1.0,1.0,1.0,0.0,0.0,0.0,0.0,0.0,0.0,0.0,0.0,0.0,0.0,0.0,0.0,1.0,0.0,0.0,0.0,0.0,0.0449438202247191,0.0,0.0,0.0,0.012195121951219523,0.0,0.0,1.0,0.5,0.0,0.0,0.0,0.00990099009900991,0.9306930693069306,0.0,0.0,0.0,0.01980198019801982,0.0,0.0,0.0,0.0,0.0,0.0,1.0,0.0,0.0,0.10655737704918034,0.008196721311475419,0.0,0.0,0.0,0.0,0.0,0.0,0.0,0.0,0.0,0.022727272727272707,0.0,0.0,0.0,0.0,0.0,0.008474576271186418,0.0423728813559322,0.0,0.008474576271186418,0.0,0.0,0.0,1.0,0.010638297872340385,0.0,0.021276595744680882
0.0,0.0,0.0,0.0,0.0,1.0,1.0,0.0,0.0,1.0,0.0,0.0,0.0,0.030612244897959218,0.0,0.0,0.0,0.0,0.0,0.030612244897959218,0.0,0.0,0.0,0.0,1.0,1.0,1.0,1.0,0.0,0.0,0.0,0.0,0.0,0.0,0.0,0.0,0.0,0.0,0.0,0.011494252873563204,1.0,0.0,0.0,0.0,0.0,0.03448275862068961,0.0,0.0,0.025000000000000022,0.0,0.0,0.010638297872340385,1.0,0.5,0.0,0.0,0.0,0.0,0.968421052631579,0.0,0.0,0.0,0.010526315789473717,0.0,0.0,0.0,0.0,0.0,0.0,1.0,0.010101010101010055,0.010101010101010055,0.12121212121212122,0.0,0.0,0.0,0.0,0.0,0.0,0.0,0.0,0.010101010101010055,0.008695652173912993,0.017094017094017144,0.0,0.0,0.0,0.0,0.0,0.00990099009900991,0.05940594059405946,0.00990099009900991,0.0,0.0,0.0,0.0,1.0,0.0,0.0,0.025423728813559365
0.0,0.0,0.0,0.0,0.0,1.0,1.0,0.0,0.0,1.0,0.0,0.0,0.0,0.0,0.0,0.0,0.0,0.0,0.0,0.043010752688172005,0.0,0.0,0.0,0.0,1.0,1.0,1.0,1.0,0.01666666666666672,0.0,0.0,0.0,0.0,0.0,0.0,0.0,0.0,0.0,0.0,0.013698630136986356,1.0,0.0,0.0,0.0,0.0,0.0273972602739726,0.0,0.0,0.00877192982456143,0.0,0.0,0.021052631578947323,1.0,0.4736842105263158,0.0,0.0,0.0,0.0,0.8367346938775511,0.0,0.0,0.0,0.020408163265306145,0.0,0.0,0.00952380952380949,0.0,0.0,0.0,1.0,0.0,0.0,0.14150943396226412,0.0,0.0,0.0,0.0,0.0,0.0,0.0,0.0,0.0,0.0,0.021276595744680882,0.0,0.0,0.0,0.008695652173912993,0.0,0.0,0.03191489361702127,0.021276595744680882,0.0,0.0,0.0,0.0,1.0,0.0,0.0,0.0
0.0,0.0,0.0,0.0,0.0,1.0,1.0,0.0,0.0,1.0,0.0,0.0,0.0,0.0,0.0,0.0,0.0,0.0,0.0,0.02298850574712641,0.0,0.0,0.0,0.0,1.0,1.0,1.0,1.0,0.009345794392523366,0.0,0.0,0.0,0.0,0.0,0.0,0.0,0.0,0.0,0.00990099009900991,0.012195121951219523,1.0,0.0,0.0,0.0,0.0,0.0,0.0,0.0,0.00990099009900991,0.01526717557251911,0.0,0.01526717557251911,1.0,0.49504950495049505,0.0,0.0,0.0,0.0,0.9174311926605505,0.0,0.0,0.0,0.02752293577981646,0.0,0.0,0.0,0.0,0.0,0.0,1.0,0.0,0.0,0.05208333333333337,0.0,0.0,0.0,0.0,0.0,0.0,0.0,0.0,0.0,0.0,0.036363636363636376,0.0,0.0,0.0,0.0,0.0,0.0,0.06956521739130439,0.0,0.0,0.0,0.0,0.0,1.0,0.0,0.0,0.0
0.0,0.0,0.0,0.0,0.0,1.0,1.0,0.0,0.0,1.0,0.0,0.0,0.0,0.0,0.0,0.0,0.0,0.008695652173912993,0.0,0.03125,0.0,0.0,0.0,0.0,1.0,1.0,1.0,1.0,0.0,0.0,0.0,0.0,0.0,0.0,0.0,0.0,0.0,0.0,0.0,0.009090909090909038,1.0,0.0,0.0,0.0,0.0,0.0,0.0,0.0,0.009803921568627416,0.009433962264150941,0.0,0.0,1.0,0.42156862745098034,0.0,0.0,0.0,0.0,0.8352941176470589,0.0,0.0,0.0,0.05882352941176472,0.0,0.0,0.0,0.0,0.0,0.0,1.0,0.0,0.0,0.08333333333333337,0.0,0.0,0.010638297872340385,0.0,0.0,0.0,0.0,0.0,0.0,0.0,0.021052631578947323,0.0,0.0,0.0,0.0,0.0,0.0,0.11538461538461542,0.009615384615384581,0.0,0.0,0.0,0.0,1.0,0.0,0.0,0.0
1.0,1.0,1.0,1.0,0.0,1.0,1.0,0.0,0.0,1.0,0.0,1.0,0.0,1.0,1.0,1.0,1.0,1.0,0.0,1.0,1.0,1.0,1.0,1.0,1.0,1.0,1.0,1.0,1.0,0.0,0.0,1.0,1.0,1.0,0.0,0.0,1.0,1.0,1.0,1.0,1.0,0.0,0.0,1.0,1.0,1.0,1.0,0.0,1.0,1.0,1.0,1.0,1.0,1.0,1.0,0.0,0.0,0.0,1.0,1.0,1.0,1.0,1.0,1.0,1.0,1.0,1.0,1.0,1.0,1.0,0.20833333333333337,0.20833333333333337,1.0,0.0,1.0,1.0,1.0,1.0,0.0,1.0,1.0,1.0,0.0,1.0,1.0,1.0,1.0,1.0,1.0,1.0,1.0,1.0,1.0,1.0,1.0,1.0,1.0,1.0,0.0,1.0
0.0,0.0,0.0,0.0,0.0,1.0,1.0,0.0,0.0,1.0,0.0,0.0,0.0,0.0,0.0,0.0,0.0,0.0,0.0,0.06382978723404253,0.0,0.0,0.0,0.0,1.0,1.0,1.0,1.0,0.0,0.0,0.0,0.0,0.0,0.0,0.0,0.0,0.0,0.0,0.0,0.0,1.0,0.0,0.0,0.0,0.0,0.0,0.0,0.0,0.010101010101010055,0.022727272727272707,0.0,0.0,1.0,0.4747474747474747,0.0,0.0,0.0,0.0,0.8392857142857143,0.0,0.0,0.0,0.0357142857142857,0.0,0.0,0.0,0.0,0.0,0.0,1.0,0.0,0.0,0.08602150537634412,0.0,0.0,0.0,0.0,0.0,0.0,0.0,0.0,0.0,0.0,0.044642857142857095,0.0,0.0,0.0,0.0,0.0,0.0,0.061224489795918324,0.0,0.0,0.0,0.0,0.0,1.0,0.0,0.0,0.0
0.0,0.0,0.0,0.0,0.0,1.0,1.0,0.0,0.0,1.0,0.0,0.0,0.0,0.0,0.0,0.0,0.0,0.0,0.0,0.033333333333333326,0.009803921568627416,0.0,0.0,0.0,1.0,1.0,1.0,1.0,0.0,0.0,0.0,0.0,0.0,0.0,0.0,0.0,0.0,0.0,0.0,0.025210084033613467,1.0,0.0,0.0,0.0,0.0,0.0,0.0,0.0,0.009803921568627416,0.0,0.0,0.00952380952380949,1.0,0.48039215686274506,0.0,0.0,0.0,0.0,0.8867924528301887,0.0,0.0,0.0,0.05660377358490565,0.0,0.0,0.0,0.0,0.0,0.0,1.0,0.0,0.0,0.038461538461538436,0.0,0.0,0.009009009009009028,0.0,0.0,0.0,0.0,0.010204081632653073,0.010204081632653073,0.0,0.023255813953488413,0.0,0.0,0.0,0.0,0.0,0.0,0.10416666666666663,0.01041666666666663,0.01041666666666663,0.0,0.0,0.0,1.0,0.0,0.0,0.0
0.0,0.0,0.0,0.0,0.0,1.0,1.0,0.0,0.0,1.0,0.0,0.0,0.0,0.0,0.0,0.0,0.0,0.0,0.0,0.03960396039603964,0.0,0.0,0.0,0.0,1.0,1.0,1.0,1.0,0.009090909090909038,0.0,0.0,0.0,0.0,0.0,0.0,0.0,0.0,0.0,0.0,0.011111111111111072,1.0,0.0,0.0,0.0,0.0,0.0444444444444444,0.0,0.0,0.01041666666666663,0.019607843137254943,0.0,0.0,1.0,0.48958333333333337,0.0,0.0,0.0,0.0,0.9565217391304348,0.0,0.0,0.0,0.03260869565217395,0.0,0.0,0.0,0.0,0.0,0.0,1.0,0.0,0.0,0.06382978723404253,0.0,0.0,0.0,0.0033444816053511683,0.0,0.0,0.0,0.0,0.0,0.0,0.0,0.0,0.0,0.0,0.0,0.01041666666666663,0.01041666666666663,0.07291666666666663,0.01041666666666663,0.01041666666666663,0.01041666666666663,0.01041666666666663,1.0,1.0,0.0,0.0,0.0
0.0,0.0,0.0,0.0,0.0,1.0,1.0,0.0,0.0,1.0,0.0,0.0,0.0,0.0,0.0,0.0,0.0,0.0,0.0,0.07619047619047614,0.0,0.0,0.0,0.0,1.0,1.0,1.0,1.0,0.010309278350515427,0.0,0.0,0.0,0.0,0.0,0.0,0.0,0.0,0.0,0.0,0.00952380952380949,1.0,0.0,0.0,0.0,0.0,0.11428571428571432,0.0,0.0,0.018181818181818188,0.010101010101010055,0.0,0.010101010101010055,1.0,0.49090909090909096,0.0,0.0,0.0,0.0,0.8924731182795699,0.008695652173912993,0.0,0.0,0.08602150537634412,0.0,0.0,0.0,0.0,0.0,0.0,1.0,0.0,0.0,0.07692307692307687,0.0,0.0,0.0,0.0,0.0,0.0,0.0,0.0,0.0,0.0,0.021052631578947323,0.0,0.0,0.0,0.0,0.0,0.0,0.011904761904761862,0.0,0.0,0.0,0.0,1.0,1.0,0.0,0.0,0.0
0.0,0.0,0.0,0.0,0.0,1.0,1.0,0.0,0.0,1.0,0.0,0.0,0.0,0.0,0.0,0.0,0.0,0.0,0.0,0.03125,0.009345794392523366,0.0,0.0,0.0,1.0,1.0,1.0,1.0,0.0,0.0,0.0,0.0,0.0,0.0,0.0,0.0,0.0,0.0,0.0,0.017391304347826098,1.0,0.0,0.0,0.0,0.0,0.017391304347826098,0.0,0.0,0.009803921568627416,0.01041666666666663,0.0,0.0,1.0,0.47058823529411764,0.0,0.0,0.0,0.0,1.0,0.0,0.0,0.0,0.03883495145631066,0.0,0.008928571428571397,0.0,0.0,0.0,0.0,1.0,0.0,0.0,0.05319148936170215,0.0,0.0,0.0,0.0,0.0,0.0,0.0,0.0,0.0,0.0,0.010752688172043001,0.0,0.0,0.0,0.0,0.0,0.0,0.05681818181818177,0.0,0.0,0.0,0.0,0.0,1.0,0.0,0.0,0.0
0.0,0.0,0.0,0.0,0.0,1.0,1.0,0.0,0.0,1.0,0.0,0.0,0.0,0.0,0.0,0.011494252873563204,0.0,0.0,0.0,0.02298850574712641,0.0,0.0,0.0,0.0,1.0,1.0,1.0,1.0,0.010309278350515427,0.0,0.0,0.0,0.0,0.0,0.0,0.0,0.0,0.0,0.0,0.0,1.0,0.0,0.0,0.0,0.0,0.030612244897959218,0.0,0.0,0.011627906976744207,0.010752688172043001,0.0,0.0,1.0,0.5116279069767442,0.0,0.0,0.0,0.0,1.0,0.0,0.0,0.0,0.038461538461538436,0.0,0.0,0.0,0.0,0.0,0.0,1.0,0.0,0.0,0.05217391304347829,0.0,0.0,0.010204081632653073,0.0,0.0,0.0,0.0,0.0,0.0,0.0,0.030303030303030276,0.0,0.0,0.0,0.009009009009009028,0.0,0.0,0.10679611650485432,0.0,0.0,0.0,0.0,0.0,1.0,0.0,0.0,0.0
0.0,0.0,0.0,0.0,0.0,1.0,1.0,0.0,0.0,1.0,0.0,0.0,0.0,0.0,0.0,0.034782608695652195,0.0,0.0,0.0,0.04347826086956519,0.0,0.0,0.0,0.0,1.0,1.0,1.0,1.0,0.0,0.0,0.0,0.0,0.0,0.0,0.0,0.0,0.0,0.0,0.008928571428571397,0.0,1.0,0.0,0.0,0.0,0.0,0.017857142857142905,0.0,0.0,0.0,0.010869565217391353,0.0,0.010869565217391353,1.0,0.4910714285714286,0.0,0.0,0.0,0.0,1.0,0.0,0.0,0.0,0.04504504504504503,0.0,0.0,0.0,0.0,0.0,0.0,1.0,0.0,0.0,0.08163265306122447,0.0,0.0,0.0,0.0,0.0,0.0,0.0,0.0,0.0,0.0,0.011235955056179803,0.0,0.0,0.0,0.0,0.0,0.0,0.0964912280701754,0.0,0.0,0.0,0.01754385964912286,0.0,1.0,0.0,0.0,0.0
0.0,0.0,0.0,0.0,0.0,1.0,1.0,0.0,0.0,1.0,0.0,0.0,0.0,0.0,0.0,0.0,0.0,0.0,0.0,0.06818181818181823,0.0,0.0,0.0,0.0,1.0,1.0,1.0,1.0,0.0,0.0,0.0,0.0,0.0,0.0,0.0,0.0,0.0,0.0,0.0,0.010526315789473717,1.0,0.0,0.0,0.0,0.0,0.0,0.0,0.0,0.020000000000000018,0.030927835051546393,0.0,0.0,1.0,0.47,0.0,0.0,0.0,0.0,0.8867924528301887,0.0,0.0,0.0,0.047169811320754707,0.00952380952380949,0.0,0.0,0.0,0.0,0.0,1.0,0.010309278350515427,0.0,0.07216494845360821,0.0,0.0,0.0,0.0,0.0,0.0,0.0,0.0,0.0,0.0,0.01869158878504673,0.0,0.0,0.0,0.0,0.0,0.0,0.06862745098039214,0.0,0.0,0.0,0.0,0.0,1.0,0.0,0.0,0.0
0.0,0.0,0.0,0.0,0.0,1.0,1.0,0.0,0.0,1.0,0.0,0.0,0.0,0.0,0.0,0.0,0.0,0.0,0.0,0.03809523809523807,0.0,0.0,0.0,0.0,1.0,1.0,1.0,1.0,0.009615384615384581,0.0,0.0,0.0,0.0,0.0,0.0,0.0,0.0,0.0,0.0,0.01041666666666663,1.0,0.0,0.0,0.0,0.0,0.08333333333333337,0.0,0.0,0.0,0.020618556701030966,0.0,0.010309278350515427,1.0,0.5048543689320388,0.0,0.0,0.0,0.0,0.9038461538461539,0.0,0.0,0.0,0.05769230769230771,0.0,0.0,0.0,0.0,0.0,0.0,1.0,0.0,0.0,0.07407407407407407,0.0,0.0,0.0,0.0,0.0,0.0,0.0,0.0,0.0,0.0,0.0,0.0,0.0,0.0,0.0,0.0,0.0,0.07499999999999996,0.0,0.0,0.0,0.0,0.0,1.0,0.0,0.0,0.0
0.0,0.00917431192660545,0.0,0.0,0.0,1.0,1.0,0.0,0.0,1.0,0.0,0.0,0.0,0.0,0.0,0.0,0.0,0.0,0.0,0.021739130434782594,0.0,0.0,0.0,0.0,1.0,1.0,1.0,1.0,0.01098901098901095,0.0,0.0,0.0,0.0,0.0,0.0,0.0,0.0,0.0,0.0,0.0,1.0,0.0,0.0,0.00990099009900991,0.008474576271186418,0.0,0.0,0.0,0.0,0.019607843137254943,0.0,0.0,1.0,0.4661016949152542,0.0,0.0,0.0,0.0,0.8623853211009174,0.0,0.0,0.0,0.02752293577981646,0.0,0.0,0.0,0.0,0.0,0.0,1.0,0.0,0.0,0.07619047619047614,0.0,0.0,0.010204081632653073,0.0,0.0,0.0,0.0,0.0,0.0,0.0,0.05769230769230771,0.0,0.0,0.0,0.0,0.0,0.0,0.06542056074766356,0.0,0.0,0.009345794392523366,0.0,0.0,1.0,0.0,0.0,0.0
0.0,0.0,0.0,0.0,0.0,1.0,1.0,0.00990099009900991,0.020618556701030966,1.0,0.0,0.0,0.0,0.0,0.0,0.0,0.0,0.0,0.0,0.028846153846153855,0.0,0.0,0.010752688172043001,0.0,1.0,1.0,1.0,1.0,0.0,0.0,0.0,0.0,0.0,0.0,0.0,0.0,0.0,0.0,0.0,0.009803921568627416,1.0,0.0,0.0,0.0,0.0,0.009803921568627416,0.0,0.0,0.0,0.017857142857142905,0.0,0.0,1.0,0.4695652173913043,0.0,0.0,0.0,0.020618556701030966,0.9175257731958762,0.0,0.0,0.0,0.04123711340206182,0.009090909090909038,0.0,0.0,0.0,0.0,0.0,1.0,0.0,0.0,0.05217391304347829,0.008695652173912993,0.0,0.00952380952380949,0.0,0.0,0.0,0.0,0.0,0.0,0.0,0.010638297872340385,0.0,0.0,0.0,0.0,0.0,0.0,0.06382978723404253,0.0,0.0,0.0,0.0,0.0,1.0,0.0,0.0,0.0
0.0,0.0,0.0,0.0,0.0,1.0,1.0,0.0,0.0,1.0,0.0,0.0,0.0,0.0,0.0,0.0,0.0,0.0,0.0,0.06796116504854366,0.0,0.009433962264150941,0.0,0.0,1.0,1.0,1.0,1.0,0.0,0.0,0.0,0.0,0.0,0.0,0.0,0.0,0.0,0.0,0.009803921568627416,0.018018018018018056,1.0,0.0,0.0,0.0,0.0,0.018018018018018056,0.009009009009009028,0.0,0.009803921568627416,0.009345794392523366,0.0,0.0,1.0,0.4901960784313726,0.0,0.0,0.0,0.0,1.0,0.0,0.0,0.0,0.04672897196261683,0.0,0.0,0.011627906976744207,0.0,0.0,0.011627906976744207,1.0,0.0,0.0,0.02970297029702973,0.0,0.0,0.0,0.0,0.0,0.0,0.0,0.0,0.0,0.0,0.011627906976744207,0.0,0.0,0.0,0.0,0.0,0.0,0.08571428571428574,0.0,0.0,0.0,0.0,0.0,1.0,0.0,0.0,0.0
0.0,0.0,0.0,0.0,0.0,1.0,1.0,0.0,0.0,1.0,0.0,0.0,0.0,0.0,0.0,0.0,0.0,0.0,0.0,0.04255319148936165,0.0,0.0,0.008695652173912993,0.0,1.0,1.0,1.0,1.0,0.0,0.0,0.0,0.0,0.0,0.0,0.0,0.0,0.0,0.0,0.0,0.0,1.0,0.0,0.0,0.0,0.0,0.0,0.0,0.0,0.010000000000000009,0.01904761904761909,0.0,0.0,1.0,0.48,0.0,0.0,0.0,0.0,0.9042553191489362,0.0,0.0,0.0,0.03191489361702127,0.0,0.0,0.0,0.0,0.0,0.0,1.0,0.0,0.0,0.10416666666666663,0.0,0.0,0.0,0.0,0.0,0.0,0.0,0.0,0.0,0.0,0.012820512820512775,0.0,0.0,0.0,0.009615384615384581,0.0,0.0,0.14953271028037385,0.0,0.0,0.0,0.0,0.0,1.0,0.0,0.0,0.0
0.0,0.0,0.015873015873015928,0.007936507936507908,0.0,1.0,1.0,0.0,0.0,1.0,0.0,0.0,0.0,0.0,0.0,0.0,0.008695652173912993,0.0,0.0,0.021505376344086002,0.0,0.008695652173912993,0.0,0.011235955056179803,1.0,1.0,1.0,1.0,0.008547008547008517,0.0,0.0,0.0,0.0,0.0,0.0,0.0,0.0,0.0,0.010869565217391353,0.010869565217391353,1.0,0.0,0.0,0.0,0.0,0.05434782608695654,0.0,0.0,0.010869565217391353,0.0,0.0,0.23404255319148937,1.0,0.5,0.0,0.0,0.0,0.0,0.9325842696629214,0.009433962264150941,0.0,0.022471910112359605,0.022471910112359605,0.0,0.0,0.0,0.0,0.0,0.0,1.0,0.0,0.0,0.05681818181818177,0.0,0.022727272727272707,0.0,0.0,0.0,0.0,0.0,0.010000000000000009,0.0,0.0,0.0,0.0,0.0,0.0,0.0,0.0,0.0,0.05660377358490565,0.0,0.0,0.009433962264150941,0.0,0.0,1.0,0.0,0.0,0.0
0.0,0.0,0.0,0.0,0.0,1.0,1.0,0.0,0.0,1.0,0.0,0.0,0.0,0.0,0.0,0.0,0.011627906976744207,0.0,0.0,0.021052631578947323,0.0,0.0,0.0,0.0,1.0,1.0,1.0,1.0,0.0,0.0,0.0,0.0,0.0,0.0,0.0,0.0,0.0,0.0,0.0,0.0,1.0,0.0,0.0,0.0,0.0,0.0,0.0,0.0,0.013513513513513487,0.02752293577981646,0.0,0.01834862385321101,1.0,0.4864864864864865,0.0,0.0,0.0,0.0,0.8761904761904762,0.0,0.0,0.0,0.06666666666666665,0.0,0.0,0.0,0.0,0.0,0.0,1.0,0.0,0.0,0.06818181818181823,0.0,0.0,0.0,0.0,0.0,0.0,0.0,0.0,0.0,0.0,0.017857142857142905,0.0,0.0,0.0,0.0,0.0,0.0,0.06382978723404253,0.0,0.0,0.0,0.0,0.0,1.0,0.0,0.0,0.0
0.00877192982456143,0.01754385964912286,0.0,0.00877192982456143,0.0,1.0,1.0,0.0,0.0,1.0,0.008064516129032251,0.010101010101010055,0.0,0.0,0.008064516129032251,0.0,0.0,0.0,0.0,0.030303030303030276,0.010204081632653073,0.008064516129032251,0.0,0.0,1.0,1.0,1.0,1.0,0.016000000000000014,0.0,0.0,0.011494252873563204,0.0,0.0,0.0,0.0,0.0,0.0,0.0,0.0,1.0,0.008928571428571397,0.008928571428571397,0.008928571428571397,0.018181818181818188,0.2678571428571429,0.0,0.0,0.009090909090909038,0.012499999999999956,0.0,0.012499999999999956,1.0,0.4545454545454546,0.0,0.0,0.0,0.0,0.9166666666666666,0.0,0.0,0.0,0.023809523809523836,0.0,0.0,0.0,0.0,0.0,0.0,1.0,0.0,0.010752688172043001,0.10752688172043012,0.0,0.0,0.009708737864077666,0.0033670033670033517,0.0,0.0,0.0,0.0,0.010309278350515427,0.0,0.030000000000000027,0.0,0.0,0.0,0.02197802197802201,0.0,0.0,0.07766990291262132,0.009708737864077666,0.0,0.009708737864077666,0.0,0.0,1.0,0.010869565217391353,0.0,0.0
0.0,0.0,0.0,0.0,0.0,1.0,1.0,0.00990099009900991,0.0,1.0,0.00990099009900991,0.0,0.00990099009900991,0.0,0.0,0.0,0.0,0.0,0.0,0.04040404040404044,0.0,0.0,0.0,0.0,1.0,1.0,1.0,1.0,0.0,0.0,0.0,0.0,0.0,0.0,0.0,0.0,0.0,0.0,0.0,0.0,1.0,0.0,0.0,0.0,0.0,0.0,0.0,0.0,0.009615384615384581,0.018867924528301883,0.0,0.0,1.0,0.47115384615384615,0.0,0.0,0.0,0.0,0.8979591836734694,0.0,0.0,0.0,0.04081632653061229,0.0,0.0,0.0,0.0,0.0,0.0,1.0,0.0,0.0,0.027272727272727226,0.0,0.0,0.0,0.0,0.0,0.0,0.0,0.0,0.0,0.0,0.03448275862068961,0.0,0.0,0.0,0.0,0.0,0.0,0.05813953488372092,0.0,0.0,0.0,0.0,0.0,1.0,0.0,0.0,0.0
0.0,0.0,0.0,0.0,0.0,1.0,1.0,0.0,0.0,1.0,0.0,0.0,0.010869565217391353,0.0,0.010869565217391353,0.0,0.010869565217391353,0.010869565217391353,0.0,0.02352941176470591,0.0,0.0,0.0,0.010752688172043001,1.0,1.0,1.0,1.0,0.0,0.0,0.0,0.0,0.0,0.0,0.0,0.01869158878504673,0.0,0.0,0.017094017094017144,0.019607843137254943,1.0,0.0,0.0,0.0,0.008547008547008517,0.009803921568627416,0.019607843137254943,0.0,0.017094017094017144,0.0,0.0,0.0,1.0,0.4786324786324786,0.010869565217391353,0.010869565217391353,0.0,0.0,0.892156862745098,0.0,0.0,0.0,0.039215686274509776,0.0,0.0,0.0,0.0,0.0,0.0,1.0,0.0,0.0,0.05208333333333337,0.02083333333333337,0.01041666666666663,0.0,0.006993006993006978,0.012048192771084376,0.0,0.0,0.0,0.0,0.0,0.02020202020202022,0.0,0.0,0.010000000000000009,0.010000000000000009,0.0,0.0,0.07766990291262132,0.009708737864077666,0.0,0.009708737864077666,0.009708737864077666,0.010101010101010055,1.0,0.0,0.0,0.0
0.0,0.0,0.0,0.0,0.0,1.0,1.0,0.0,0.0,1.0,0.0,0.0,0.0,0.0,0.0,0.0,0.0,0.0,0.0,0.048192771084337394,0.0,0.0,0.0,0.0,1.0,1.0,1.0,1.0,0.009615384615384581,0.0,0.0,0.0,0.0,0.0,0.0,0.0,0.0,0.0,0.010526315789473717,0.0092592592592593,1.0,0.0,0.0,0.0,0.0,0.0092592592592593,0.0,0.0,0.0,0.008196721311475419,0.010526315789473717,0.0,1.0,0.4736842105263158,0.0,0.0,0.0,0.0,0.9183673469387755,0.0,0.0,0.0,0.04081632653061229,0.0,0.0,0.0,0.0,0.0,0.0,1.0,0.0,0.0,0.036036036036036,0.0,0.0,0.0,0.0,0.0,0.0,0.0,0.0,0.0,0.0,0.009803921568627416,0.0,0.0,0.0,0.0,0.0,0.0,0.0982142857142857,0.0,0.0,0.0,0.0,0.0,1.0,0.0,0.0,0.010752688172043001
